Workbook

Sheet Yarn_Master
A1: Date | B1: Yarn Category | C1: Material | D1: Origin | E1: Supplier / Mill | F1: Count | G1: Variant | H1: Blend / Composition | I1: Original Price | J1: Original Unit | K1: Currency | L1: Exchange Rate | M1: Standard Price | N1: Standard Unit | O1: Price Basis | P1: GST Included | Q1: Source | R1: Remarks | S1: Year | T1: Month
A2: 44743 | B2: ='yarn master raw '!B2 -> Cotton Yarn | C2: ='yarn master raw '!C2 -> Cotton | D2: =IF('yarn master raw '!J2="INR","India","Imported") -> India | E2: ='yarn master raw '!D2 -> KPR | F2: ='yarn master raw '!E2 -> 16's | G2: ='yarn master raw '!F2 -> Semi-Combed | H2: ='yarn master raw '!G2 -> 100% Cotton | I2: ='yarn master raw '!I2 -> 364 | J2: ='yarn master raw '!H2 -> ₹/kg | K2: ='yarn master raw '!J2 -> INR | L2: =_xlfn.XLOOKUP(K2,'usd inr forecast '!$N$2:$N$6,'usd inr forecast '!$O$2:$O$6,1) -> 1 | M2: =IF(J2="₹/kg",I2*L2,IF(J2="₹/Candy",I2*L2/355.62,IF(J2="₹/Bale",I2*L2/170,I2*L2))) -> 364 | N2: ="₹/kg" -> ₹/kg | O2: ='yarn master raw '!K2 -> Ex-Mill + Freight | P2: ='yarn master raw '!L2 -> No | Q2: ='yarn master raw '!M2 -> Cotton Yarn Price Trend | R2: ='yarn master raw '!N2 -> Historical Price | S2: =IFERROR(IF(ISNUMBER(A2),YEAR(A2),IF(ISNUMBER(SEARCH("'",A2)),VALUE("20"&MID(A2,SEARCH("'",A2)+1,2)),IF(ISNUMBER(SEARCH("2023",A2)),2023,IF(ISNUMBER(SEARCH("2024",A2)),2024,IF(ISNUMBER(SEARCH("2025",A2)),2025,IF(ISNUMBER(SEARCH("2026",A2)),2026,2022)))))),"") -> 2022 | T2: =IFERROR(IF(ISNUMBER(A2),TEXT(A2,"mmmm"),IF(ISNUMBER(SEARCH("Jan",A2)),"January",IF(ISNUMBER(SEARCH("Feb",A2)),"February",IF(ISNUMBER(SEARCH("March",A2)),"March",IF(ISNUMBER(SEARCH("April",A2)),"April",IF(ISNUMBER(SEARCH("May",A2)),"May",IF(ISNUMBER(SEARCH("June",A2)),"June",IF(ISNUMBER(SEARCH("July",A2)),"July",IF(ISNUMBER(SEARCH("Aug",A2)),"August",IF(ISNUMBER(SEARCH("Sep",A2)),"September",IF(ISNUMBER(SEARCH("Oct",A2)),"October",IF(ISNUMBER(SEARCH("Nov",A2)),"November",IF(ISNUMBER(SEARCH("Dec",A2)),"December",""))))))))))))),"") -> July
A3: 44743 | B3: ='yarn master raw '!B3 -> Cotton Yarn | C3: ='yarn master raw '!C3 -> Cotton | D3: =IF('yarn master raw '!J3="INR","India","Imported") -> India | E3: ='yarn master raw '!D3 -> KPR | F3: ='yarn master raw '!E3 -> 20's | G3: ='yarn master raw '!F3 -> Semi-Combed | H3: ='yarn master raw '!G3 -> 100% Cotton | I3: ='yarn master raw '!I3 -> 367 | J3: ='yarn master raw '!H3 -> ₹/kg | K3: ='yarn master raw '!J3 -> INR | L3: =_xlfn.XLOOKUP(K3,'usd inr forecast '!$N$2:$N$6,'usd inr forecast '!$O$2:$O$6,1) -> 1 | M3: =IF(J3="₹/kg",I3*L3,IF(J3="₹/Candy",I3*L3/355.62,IF(J3="₹/Bale",I3*L3/170,I3*L3))) -> 367 | N3: ="₹/kg" -> ₹/kg | O3: ='yarn master raw '!K3 -> Ex-Mill + Freight | P3: ='yarn master raw '!L3 -> No | Q3: ='yarn master raw '!M3 -> Cotton Yarn Price Trend | R3: ='yarn master raw '!N3 -> Historical Price | S3: =IFERROR(IF(ISNUMBER(A3),YEAR(A3),IF(ISNUMBER(SEARCH("'",A3)),VALUE("20"&MID(A3,SEARCH("'",A3)+1,2)),IF(ISNUMBER(SEARCH("2023",A3)),2023,IF(ISNUMBER(SEARCH("2024",A3)),2024,IF(ISNUMBER(SEARCH("2025",A3)),2025,IF(ISNUMBER(SEARCH("2026",A3)),2026,2022)))))),"") -> 2022 | T3: =IFERROR(IF(ISNUMBER(A3),TEXT(A3,"mmmm"),IF(ISNUMBER(SEARCH("Jan",A3)),"January",IF(ISNUMBER(SEARCH("Feb",A3)),"February",IF(ISNUMBER(SEARCH("March",A3)),"March",IF(ISNUMBER(SEARCH("April",A3)),"April",IF(ISNUMBER(SEARCH("May",A3)),"May",IF(ISNUMBER(SEARCH("June",A3)),"June",IF(ISNUMBER(SEARCH("July",A3)),"July",IF(ISNUMBER(SEARCH("Aug",A3)),"August",IF(ISNUMBER(SEARCH("Sep",A3)),"September",IF(ISNUMBER(SEARCH("Oct",A3)),"October",IF(ISNUMBER(SEARCH("Nov",A3)),"November",IF(ISNUMBER(SEARCH("Dec",A3)),"December",""))))))))))))),"") -> July
A4: 44743 | B4: ='yarn master raw '!B4 -> Cotton Yarn | C4: ='yarn master raw '!C4 -> Cotton | D4: =IF('yarn master raw '!J4="INR","India","Imported") -> India | E4: ='yarn master raw '!D4 -> KPR | F4: ='yarn master raw '!E4 -> 24's | G4: ='yarn master raw '!F4 -> Semi-Combed | H4: ='yarn master raw '!G4 -> 100% Cotton | I4: ='yarn master raw '!I4 -> 376 | J4: ='yarn master raw '!H4 -> ₹/kg | K4: ='yarn master raw '!J4 -> INR | L4: =_xlfn.XLOOKUP(K4,'usd inr forecast '!$N$2:$N$6,'usd inr forecast '!$O$2:$O$6,1) -> 1 | M4: =IF(J4="₹/kg",I4*L4,IF(J4="₹/Candy",I4*L4/355.62,IF(J4="₹/Bale",I4*L4/170,I4*L4))) -> 376 | N4: ="₹/kg" -> ₹/kg | O4: ='yarn master raw '!K4 -> Ex-Mill + Freight | P4: ='yarn master raw '!L4 -> No | Q4: ='yarn master raw '!M4 -> Cotton Yarn Price Trend | R4: ='yarn master raw '!N4 -> Historical Price | S4: =IFERROR(IF(ISNUMBER(A4),YEAR(A4),IF(ISNUMBER(SEARCH("'",A4)),VALUE("20"&MID(A4,SEARCH("'",A4)+1,2)),IF(ISNUMBER(SEARCH("2023",A4)),2023,IF(ISNUMBER(SEARCH("2024",A4)),2024,IF(ISNUMBER(SEARCH("2025",A4)),2025,IF(ISNUMBER(SEARCH("2026",A4)),2026,2022)))))),"") -> 2022 | T4: =IFERROR(IF(ISNUMBER(A4),TEXT(A4,"mmmm"),IF(ISNUMBER(SEARCH("Jan",A4)),"January",IF(ISNUMBER(SEARCH("Feb",A4)),"February",IF(ISNUMBER(SEARCH("March",A4)),"March",IF(ISNUMBER(SEARCH("April",A4)),"April",IF(ISNUMBER(SEARCH("May",A4)),"May",IF(ISNUMBER(SEARCH("June",A4)),"June",IF(ISNUMBER(SEARCH("July",A4)),"July",IF(ISNUMBER(SEARCH("Aug",A4)),"August",IF(ISNUMBER(SEARCH("Sep",A4)),"September",IF(ISNUMBER(SEARCH("Oct",A4)),"October",IF(ISNUMBER(SEARCH("Nov",A4)),"November",IF(ISNUMBER(SEARCH("Dec",A4)),"December",""))))))))))))),"") -> July
A5: 44743 | B5: ='yarn master raw '!B5 -> Cotton Yarn | C5: ='yarn master raw '!C5 -> Cotton | D5: =IF('yarn master raw '!J5="INR","India","Imported") -> India | E5: ='yarn master raw '!D5 -> KPR | F5: ='yarn master raw '!E5 -> 30's | G5: ='yarn master raw '!F5 -> Semi-Combed | H5: ='yarn master raw '!G5 -> 100% Cotton | I5: ='yarn master raw '!I5 -> 388 | J5: ='yarn master raw '!H5 -> ₹/kg | K5: ='yarn master raw '!J5 -> INR | L5: =_xlfn.XLOOKUP(K5,'usd inr forecast '!$N$2:$N$6,'usd inr forecast '!$O$2:$O$6,1) -> 1 | M5: =IF(J5="₹/kg",I5*L5,IF(J5="₹/Candy",I5*L5/355.62,IF(J5="₹/Bale",I5*L5/170,I5*L5))) -> 388 | N5: ="₹/kg" -> ₹/kg | O5: ='yarn master raw '!K5 -> Ex-Mill + Freight | P5: ='yarn master raw '!L5 -> No | Q5: ='yarn master raw '!M5 -> Cotton Yarn Price Trend | R5: ='yarn master raw '!N5 -> Historical Price | S5: =IFERROR(IF(ISNUMBER(A5),YEAR(A5),IF(ISNUMBER(SEARCH("'",A5)),VALUE("20"&MID(A5,SEARCH("'",A5)+1,2)),IF(ISNUMBER(SEARCH("2023",A5)),2023,IF(ISNUMBER(SEARCH("2024",A5)),2024,IF(ISNUMBER(SEARCH("2025",A5)),2025,IF(ISNUMBER(SEARCH("2026",A5)),2026,2022)))))),"") -> 2022 | T5: =IFERROR(IF(ISNUMBER(A5),TEXT(A5,"mmmm"),IF(ISNUMBER(SEARCH("Jan",A5)),"January",IF(ISNUMBER(SEARCH("Feb",A5)),"February",IF(ISNUMBER(SEARCH("March",A5)),"March",IF(ISNUMBER(SEARCH("April",A5)),"April",IF(ISNUMBER(SEARCH("May",A5)),"May",IF(ISNUMBER(SEARCH("June",A5)),"June",IF(ISNUMBER(SEARCH("July",A5)),"July",IF(ISNUMBER(SEARCH("Aug",A5)),"August",IF(ISNUMBER(SEARCH("Sep",A5)),"September",IF(ISNUMBER(SEARCH("Oct",A5)),"October",IF(ISNUMBER(SEARCH("Nov",A5)),"November",IF(ISNUMBER(SEARCH("Dec",A5)),"December",""))))))))))))),"") -> July
A6: 44743 | B6: ='yarn master raw '!B6 -> Cotton Yarn | C6: ='yarn master raw '!C6 -> Cotton | D6: =IF('yarn master raw '!J6="INR","India","Imported") -> India | E6: ='yarn master raw '!D6 -> KPR | F6: ='yarn master raw '!E6 -> 34's | G6: ='yarn master raw '!F6 -> Semi-Combed | H6: ='yarn master raw '!G6 -> 100% Cotton | I6: ='yarn master raw '!I6 -> 402 | J6: ='yarn master raw '!H6 -> ₹/kg | K6: ='yarn master raw '!J6 -> INR | L6: =_xlfn.XLOOKUP(K6,'usd inr forecast '!$N$2:$N$6,'usd inr forecast '!$O$2:$O$6,1) -> 1 | M6: =IF(J6="₹/kg",I6*L6,IF(J6="₹/Candy",I6*L6/355.62,IF(J6="₹/Bale",I6*L6/170,I6*L6))) -> 402 | N6: ="₹/kg" -> ₹/kg | O6: ='yarn master raw '!K6 -> Ex-Mill + Freight | P6: ='yarn master raw '!L6 -> No | Q6: ='yarn master raw '!M6 -> Cotton Yarn Price Trend | R6: ='yarn master raw '!N6 -> Historical Price | S6: =IFERROR(IF(ISNUMBER(A6),YEAR(A6),IF(ISNUMBER(SEARCH("'",A6)),VALUE("20"&MID(A6,SEARCH("'",A6)+1,2)),IF(ISNUMBER(SEARCH("2023",A6)),2023,IF(ISNUMBER(SEARCH("2024",A6)),2024,IF(ISNUMBER(SEARCH("2025",A6)),2025,IF(ISNUMBER(SEARCH("2026",A6)),2026,2022)))))),"") -> 2022 | T6: =IFERROR(IF(ISNUMBER(A6),TEXT(A6,"mmmm"),IF(ISNUMBER(SEARCH("Jan",A6)),"January",IF(ISNUMBER(SEARCH("Feb",A6)),"February",IF(ISNUMBER(SEARCH("March",A6)),"March",IF(ISNUMBER(SEARCH("April",A6)),"April",IF(ISNUMBER(SEARCH("May",A6)),"May",IF(ISNUMBER(SEARCH("June",A6)),"June",IF(ISNUMBER(SEARCH("July",A6)),"July",IF(ISNUMBER(SEARCH("Aug",A6)),"August",IF(ISNUMBER(SEARCH("Sep",A6)),"September",IF(ISNUMBER(SEARCH("Oct",A6)),"October",IF(ISNUMBER(SEARCH("Nov",A6)),"November",IF(ISNUMBER(SEARCH("Dec",A6)),"December",""))))))))))))),"") -> July
A7: 44743 | B7: ='yarn master raw '!B7 -> Cotton Yarn | C7: ='yarn master raw '!C7 -> Cotton | D7: =IF('yarn master raw '!J7="INR","India","Imported") -> India | E7: ='yarn master raw '!D7 -> KPR | F7: ='yarn master raw '!E7 -> 40's | G7: ='yarn master raw '!F7 -> Semi-Combed | H7: ='yarn master raw '!G7 -> 100% Cotton | I7: ='yarn master raw '!I7 -> 423 | J7: ='yarn master raw '!H7 -> ₹/kg | K7: ='yarn master raw '!J7 -> INR | L7: =_xlfn.XLOOKUP(K7,'usd inr forecast '!$N$2:$N$6,'usd inr forecast '!$O$2:$O$6,1) -> 1 | M7: =IF(J7="₹/kg",I7*L7,IF(J7="₹/Candy",I7*L7/355.62,IF(J7="₹/Bale",I7*L7/170,I7*L7))) -> 423 | N7: ="₹/kg" -> ₹/kg | O7: ='yarn master raw '!K7 -> Ex-Mill + Freight | P7: ='yarn master raw '!L7 -> No | Q7: ='yarn master raw '!M7 -> Cotton Yarn Price Trend | R7: ='yarn master raw '!N7 -> Historical Price | S7: =IFERROR(IF(ISNUMBER(A7),YEAR(A7),IF(ISNUMBER(SEARCH("'",A7)),VALUE("20"&MID(A7,SEARCH("'",A7)+1,2)),IF(ISNUMBER(SEARCH("2023",A7)),2023,IF(ISNUMBER(SEARCH("2024",A7)),2024,IF(ISNUMBER(SEARCH("2025",A7)),2025,IF(ISNUMBER(SEARCH("2026",A7)),2026,2022)))))),"") -> 2022 | T7: =IFERROR(IF(ISNUMBER(A7),TEXT(A7,"mmmm"),IF(ISNUMBER(SEARCH("Jan",A7)),"January",IF(ISNUMBER(SEARCH("Feb",A7)),"February",IF(ISNUMBER(SEARCH("March",A7)),"March",IF(ISNUMBER(SEARCH("April",A7)),"April",IF(ISNUMBER(SEARCH("May",A7)),"May",IF(ISNUMBER(SEARCH("June",A7)),"June",IF(ISNUMBER(SEARCH("July",A7)),"July",IF(ISNUMBER(SEARCH("Aug",A7)),"August",IF(ISNUMBER(SEARCH("Sep",A7)),"September",IF(ISNUMBER(SEARCH("Oct",A7)),"October",IF(ISNUMBER(SEARCH("Nov",A7)),"November",IF(ISNUMBER(SEARCH("Dec",A7)),"December",""))))))))))))),"") -> July
A8: 44774 | B8: ='yarn master raw '!B8 -> Cotton Yarn | C8: ='yarn master raw '!C8 -> Cotton | D8: =IF('yarn master raw '!J8="INR","India","Imported") -> India | E8: ='yarn master raw '!D8 -> KPR | F8: ='yarn master raw '!E8 -> 16's | G8: ='yarn master raw '!F8 -> Semi-Combed | H8: ='yarn master raw '!G8 -> 100% Cotton | I8: ='yarn master raw '!I8 -> 334 | J8: ='yarn master raw '!H8 -> ₹/kg | K8: ='yarn master raw '!J8 -> INR | L8: =_xlfn.XLOOKUP(K8,'usd inr forecast '!$N$2:$N$6,'usd inr forecast '!$O$2:$O$6,1) -> 1 | M8: =IF(J8="₹/kg",I8*L8,IF(J8="₹/Candy",I8*L8/355.62,IF(J8="₹/Bale",I8*L8/170,I8*L8))) -> 334 | N8: ="₹/kg" -> ₹/kg | O8: ='yarn master raw '!K8 -> Ex-Mill + Freight | P8: ='yarn master raw '!L8 -> No | Q8: ='yarn master raw '!M8 -> Cotton Yarn Price Trend | R8: ='yarn master raw '!N8 -> Historical Price | S8: =IFERROR(IF(ISNUMBER(A8),YEAR(A8),IF(ISNUMBER(SEARCH("'",A8)),VALUE("20"&MID(A8,SEARCH("'",A8)+1,2)),IF(ISNUMBER(SEARCH("2023",A8)),2023,IF(ISNUMBER(SEARCH("2024",A8)),2024,IF(ISNUMBER(SEARCH("2025",A8)),2025,IF(ISNUMBER(SEARCH("2026",A8)),2026,2022)))))),"") -> 2022 | T8: =IFERROR(IF(ISNUMBER(A8),TEXT(A8,"mmmm"),IF(ISNUMBER(SEARCH("Jan",A8)),"January",IF(ISNUMBER(SEARCH("Feb",A8)),"February",IF(ISNUMBER(SEARCH("March",A8)),"March",IF(ISNUMBER(SEARCH("April",A8)),"April",IF(ISNUMBER(SEARCH("May",A8)),"May",IF(ISNUMBER(SEARCH("June",A8)),"June",IF(ISNUMBER(SEARCH("July",A8)),"July",IF(ISNUMBER(SEARCH("Aug",A8)),"August",IF(ISNUMBER(SEARCH("Sep",A8)),"September",IF(ISNUMBER(SEARCH("Oct",A8)),"October",IF(ISNUMBER(SEARCH("Nov",A8)),"November",IF(ISNUMBER(SEARCH("Dec",A8)),"December",""))))))))))))),"") -> August
A9: 44774 | B9: ='yarn master raw '!B9 -> Cotton Yarn | C9: ='yarn master raw '!C9 -> Cotton | D9: =IF('yarn master raw '!J9="INR","India","Imported") -> India | E9: ='yarn master raw '!D9 -> KPR | F9: ='yarn master raw '!E9 -> 20's | G9: ='yarn master raw '!F9 -> Semi-Combed | H9: ='yarn master raw '!G9 -> 100% Cotton | I9: ='yarn master raw '!I9 -> 337 | J9: ='yarn master raw '!H9 -> ₹/kg | K9: ='yarn master raw '!J9 -> INR | L9: =_xlfn.XLOOKUP(K9,'usd inr forecast '!$N$2:$N$6,'usd inr forecast '!$O$2:$O$6,1) -> 1 | M9: =IF(J9="₹/kg",I9*L9,IF(J9="₹/Candy",I9*L9/355.62,IF(J9="₹/Bale",I9*L9/170,I9*L9))) -> 337 | N9: ="₹/kg" -> ₹/kg | O9: ='yarn master raw '!K9 -> Ex-Mill + Freight | P9: ='yarn master raw '!L9 -> No | Q9: ='yarn master raw '!M9 -> Cotton Yarn Price Trend | R9: ='yarn master raw '!N9 -> Historical Price | S9: =IFERROR(IF(ISNUMBER(A9),YEAR(A9),IF(ISNUMBER(SEARCH("'",A9)),VALUE("20"&MID(A9,SEARCH("'",A9)+1,2)),IF(ISNUMBER(SEARCH("2023",A9)),2023,IF(ISNUMBER(SEARCH("2024",A9)),2024,IF(ISNUMBER(SEARCH("2025",A9)),2025,IF(ISNUMBER(SEARCH("2026",A9)),2026,2022)))))),"") -> 2022 | T9: =IFERROR(IF(ISNUMBER(A9),TEXT(A9,"mmmm"),IF(ISNUMBER(SEARCH("Jan",A9)),"January",IF(ISNUMBER(SEARCH("Feb",A9)),"February",IF(ISNUMBER(SEARCH("March",A9)),"March",IF(ISNUMBER(SEARCH("April",A9)),"April",IF(ISNUMBER(SEARCH("May",A9)),"May",IF(ISNUMBER(SEARCH("June",A9)),"June",IF(ISNUMBER(SEARCH("July",A9)),"July",IF(ISNUMBER(SEARCH("Aug",A9)),"August",IF(ISNUMBER(SEARCH("Sep",A9)),"September",IF(ISNUMBER(SEARCH("Oct",A9)),"October",IF(ISNUMBER(SEARCH("Nov",A9)),"November",IF(ISNUMBER(SEARCH("Dec",A9)),"December",""))))))))))))),"") -> August
A10: 44774 | B10: ='yarn master raw '!B10 -> Cotton Yarn | C10: ='yarn master raw '!C10 -> Cotton | D10: =IF('yarn master raw '!J10="INR","India","Imported") -> India | E10: ='yarn master raw '!D10 -> KPR | F10: ='yarn master raw '!E10 -> 24's | G10: ='yarn master raw '!F10 -> Semi-Combed | H10: ='yarn master raw '!G10 -> 100% Cotton | I10: ='yarn master raw '!I10 -> 346 | J10: ='yarn master raw '!H10 -> ₹/kg | K10: ='yarn master raw '!J10 -> INR | L10: =_xlfn.XLOOKUP(K10,'usd inr forecast '!$N$2:$N$6,'usd inr forecast '!$O$2:$O$6,1) -> 1 | M10: =IF(J10="₹/kg",I10*L10,IF(J10="₹/Candy",I10*L10/355.62,IF(J10="₹/Bale",I10*L10/170,I10*L10))) -> 346 | N10: ="₹/kg" -> ₹/kg | O10: ='yarn master raw '!K10 -> Ex-Mill + Freight | P10: ='yarn master raw '!L10 -> No | Q10: ='yarn master raw '!M10 -> Cotton Yarn Price Trend | R10: ='yarn master raw '!N10 -> Historical Price | S10: =IFERROR(IF(ISNUMBER(A10),YEAR(A10),IF(ISNUMBER(SEARCH("'",A10)),VALUE("20"&MID(A10,SEARCH("'",A10)+1,2)),IF(ISNUMBER(SEARCH("2023",A10)),2023,IF(ISNUMBER(SEARCH("2024",A10)),2024,IF(ISNUMBER(SEARCH("2025",A10)),2025,IF(ISNUMBER(SEARCH("2026",A10)),2026,2022)))))),"") -> 2022 | T10: =IFERROR(IF(ISNUMBER(A10),TEXT(A10,"mmmm"),IF(ISNUMBER(SEARCH("Jan",A10)),"January",IF(ISNUMBER(SEARCH("Feb",A10)),"February",IF(ISNUMBER(SEARCH("March",A10)),"March",IF(ISNUMBER(SEARCH("April",A10)),"April",IF(ISNUMBER(SEARCH("May",A10)),"May",IF(ISNUMBER(SEARCH("June",A10)),"June",IF(ISNUMBER(SEARCH("July",A10)),"July",IF(ISNUMBER(SEARCH("Aug",A10)),"August",IF(ISNUMBER(SEARCH("Sep",A10)),"September",IF(ISNUMBER(SEARCH("Oct",A10)),"October",IF(ISNUMBER(SEARCH("Nov",A10)),"November",IF(ISNUMBER(SEARCH("Dec",A10)),"December",""))))))))))))),"") -> August
A11: 44774 | B11: ='yarn master raw '!B11 -> Cotton Yarn | C11: ='yarn master raw '!C11 -> Cotton | D11: =IF('yarn master raw '!J11="INR","India","Imported") -> India | E11: ='yarn master raw '!D11 -> KPR | F11: ='yarn master raw '!E11 -> 30's | G11: ='yarn master raw '!F11 -> Semi-Combed | H11: ='yarn master raw '!G11 -> 100% Cotton | I11: ='yarn master raw '!I11 -> 358 | J11: ='yarn master raw '!H11 -> ₹/kg | K11: ='yarn master raw '!J11 -> INR | L11: =_xlfn.XLOOKUP(K11,'usd inr forecast '!$N$2:$N$6,'usd inr forecast '!$O$2:$O$6,1) -> 1 | M11: =IF(J11="₹/kg",I11*L11,IF(J11="₹/Candy",I11*L11/355.62,IF(J11="₹/Bale",I11*L11/170,I11*L11))) -> 358 | N11: ="₹/kg" -> ₹/kg | O11: ='yarn master raw '!K11 -> Ex-Mill + Freight | P11: ='yarn master raw '!L11 -> No | Q11: ='yarn master raw '!M11 -> Cotton Yarn Price Trend | R11: ='yarn master raw '!N11 -> Historical Price | S11: =IFERROR(IF(ISNUMBER(A11),YEAR(A11),IF(ISNUMBER(SEARCH("'",A11)),VALUE("20"&MID(A11,SEARCH("'",A11)+1,2)),IF(ISNUMBER(SEARCH("2023",A11)),2023,IF(ISNUMBER(SEARCH("2024",A11)),2024,IF(ISNUMBER(SEARCH("2025",A11)),2025,IF(ISNUMBER(SEARCH("2026",A11)),2026,2022)))))),"") -> 2022 | T11: =IFERROR(IF(ISNUMBER(A11),TEXT(A11,"mmmm"),IF(ISNUMBER(SEARCH("Jan",A11)),"January",IF(ISNUMBER(SEARCH("Feb",A11)),"February",IF(ISNUMBER(SEARCH("March",A11)),"March",IF(ISNUMBER(SEARCH("April",A11)),"April",IF(ISNUMBER(SEARCH("May",A11)),"May",IF(ISNUMBER(SEARCH("June",A11)),"June",IF(ISNUMBER(SEARCH("July",A11)),"July",IF(ISNUMBER(SEARCH("Aug",A11)),"August",IF(ISNUMBER(SEARCH("Sep",A11)),"September",IF(ISNUMBER(SEARCH("Oct",A11)),"October",IF(ISNUMBER(SEARCH("Nov",A11)),"November",IF(ISNUMBER(SEARCH("Dec",A11)),"December",""))))))))))))),"") -> August
A12: 44774 | B12: ='yarn master raw '!B12 -> Cotton Yarn | C12: ='yarn master raw '!C12 -> Cotton | D12: =IF('yarn master raw '!J12="INR","India","Imported") -> India | E12: ='yarn master raw '!D12 -> KPR | F12: ='yarn master raw '!E12 -> 34's | G12: ='yarn master raw '!F12 -> Semi-Combed | H12: ='yarn master raw '!G12 -> 100% Cotton | I12: ='yarn master raw '!I12 -> 372 | J12: ='yarn master raw '!H12 -> ₹/kg | K12: ='yarn master raw '!J12 -> INR | L12: =_xlfn.XLOOKUP(K12,'usd inr forecast '!$N$2:$N$6,'usd inr forecast '!$O$2:$O$6,1) -> 1 | M12: =IF(J12="₹/kg",I12*L12,IF(J12="₹/Candy",I12*L12/355.62,IF(J12="₹/Bale",I12*L12/170,I12*L12))) -> 372 | N12: ="₹/kg" -> ₹/kg | O12: ='yarn master raw '!K12 -> Ex-Mill + Freight | P12: ='yarn master raw '!L12 -> No | Q12: ='yarn master raw '!M12 -> Cotton Yarn Price Trend | R12: ='yarn master raw '!N12 -> Historical Price | S12: =IFERROR(IF(ISNUMBER(A12),YEAR(A12),IF(ISNUMBER(SEARCH("'",A12)),VALUE("20"&MID(A12,SEARCH("'",A12)+1,2)),IF(ISNUMBER(SEARCH("2023",A12)),2023,IF(ISNUMBER(SEARCH("2024",A12)),2024,IF(ISNUMBER(SEARCH("2025",A12)),2025,IF(ISNUMBER(SEARCH("2026",A12)),2026,2022)))))),"") -> 2022 | T12: =IFERROR(IF(ISNUMBER(A12),TEXT(A12,"mmmm"),IF(ISNUMBER(SEARCH("Jan",A12)),"January",IF(ISNUMBER(SEARCH("Feb",A12)),"February",IF(ISNUMBER(SEARCH("March",A12)),"March",IF(ISNUMBER(SEARCH("April",A12)),"April",IF(ISNUMBER(SEARCH("May",A12)),"May",IF(ISNUMBER(SEARCH("June",A12)),"June",IF(ISNUMBER(SEARCH("July",A12)),"July",IF(ISNUMBER(SEARCH("Aug",A12)),"August",IF(ISNUMBER(SEARCH("Sep",A12)),"September",IF(ISNUMBER(SEARCH("Oct",A12)),"October",IF(ISNUMBER(SEARCH("Nov",A12)),"November",IF(ISNUMBER(SEARCH("Dec",A12)),"December",""))))))))))))),"") -> August
A13: 44774 | B13: ='yarn master raw '!B13 -> Cotton Yarn | C13: ='yarn master raw '!C13 -> Cotton | D13: =IF('yarn master raw '!J13="INR","India","Imported") -> India | E13: ='yarn master raw '!D13 -> KPR | F13: ='yarn master raw '!E13 -> 40's | G13: ='yarn master raw '!F13 -> Semi-Combed | H13: ='yarn master raw '!G13 -> 100% Cotton | I13: ='yarn master raw '!I13 -> 393 | J13: ='yarn master raw '!H13 -> ₹/kg | K13: ='yarn master raw '!J13 -> INR | L13: =_xlfn.XLOOKUP(K13,'usd inr forecast '!$N$2:$N$6,'usd inr forecast '!$O$2:$O$6,1) -> 1 | M13: =IF(J13="₹/kg",I13*L13,IF(J13="₹/Candy",I13*L13/355.62,IF(J13="₹/Bale",I13*L13/170,I13*L13))) -> 393 | N13: ="₹/kg" -> ₹/kg | O13: ='yarn master raw '!K13 -> Ex-Mill + Freight | P13: ='yarn master raw '!L13 -> No | Q13: ='yarn master raw '!M13 -> Cotton Yarn Price Trend | R13: ='yarn master raw '!N13 -> Historical Price | S13: =IFERROR(IF(ISNUMBER(A13),YEAR(A13),IF(ISNUMBER(SEARCH("'",A13)),VALUE("20"&MID(A13,SEARCH("'",A13)+1,2)),IF(ISNUMBER(SEARCH("2023",A13)),2023,IF(ISNUMBER(SEARCH("2024",A13)),2024,IF(ISNUMBER(SEARCH("2025",A13)),2025,IF(ISNUMBER(SEARCH("2026",A13)),2026,2022)))))),"") -> 2022 | T13: =IFERROR(IF(ISNUMBER(A13),TEXT(A13,"mmmm"),IF(ISNUMBER(SEARCH("Jan",A13)),"January",IF(ISNUMBER(SEARCH("Feb",A13)),"February",IF(ISNUMBER(SEARCH("March",A13)),"March",IF(ISNUMBER(SEARCH("April",A13)),"April",IF(ISNUMBER(SEARCH("May",A13)),"May",IF(ISNUMBER(SEARCH("June",A13)),"June",IF(ISNUMBER(SEARCH("July",A13)),"July",IF(ISNUMBER(SEARCH("Aug",A13)),"August",IF(ISNUMBER(SEARCH("Sep",A13)),"September",IF(ISNUMBER(SEARCH("Oct",A13)),"October",IF(ISNUMBER(SEARCH("Nov",A13)),"November",IF(ISNUMBER(SEARCH("Dec",A13)),"December",""))))))))))))),"") -> August
... A19: 44805 | B19: ='yarn master raw '!B19 -> Cotton Yarn | C19: ='yarn master raw '!C19 -> Cotton | D19: =IF('yarn master raw '!J19="INR","India","Imported") -> India | E19: ='yarn master raw '!D19 -> KPR | F19: ='yarn master raw '!E19 -> 40's | G19: ='yarn master raw '!F19 -> Semi-Combed | H19: ='yarn master raw '!G19 -> 100% Cotton | I19: ='yarn master raw '!I19 -> 393 | J19: ='yarn master raw '!H19 -> ₹/kg | K19: ='yarn master raw '!J19 -> INR | L19: =_xlfn.XLOOKUP(K19,'usd inr forecast '!$N$2:$N$6,'usd inr forecast '!$O$2:$O$6,1) -> 1 | M19: =IF(J19="₹/kg",I19*L19,IF(J19="₹/Candy",I19*L19/355.62,IF(J19="₹/Bale",I19*L19/170,I19*L19))) -> 393 | N19: ="₹/kg" -> ₹/kg | O19: ='yarn master raw '!K19 -> Ex-Mill + Freight | P19: ='yarn master raw '!L19 -> No | Q19: ='yarn master raw '!M19 -> Cotton Yarn Price Trend | R19: ='yarn master raw '!N19 -> Historical Price | S19: =IFERROR(IF(ISNUMBER(A19),YEAR(A19),IF(ISNUMBER(SEARCH("'",A19)),VALUE("20"&MID(A19,SEARCH("'",A19)+1,2)),IF(ISNUMBER(SEARCH("2023",A19)),2023,IF(ISNUMBER(SEARCH("2024",A19)),2024,IF(ISNUMBER(SEARCH("2025",A19)),2025,IF(ISNUMBER(SEARCH("2026",A19)),2026,2022)))))),"") -> 2022 | T19: =IFERROR(IF(ISNUMBER(A19),TEXT(A19,"mmmm"),IF(ISNUMBER(SEARCH("Jan",A19)),"January",IF(ISNUMBER(SEARCH("Feb",A19)),"February",IF(ISNUMBER(SEARCH("March",A19)),"March",IF(ISNUMBER(SEARCH("April",A19)),"April",IF(ISNUMBER(SEARCH("May",A19)),"May",IF(ISNUMBER(SEARCH("June",A19)),"June",IF(ISNUMBER(SEARCH("July",A19)),"July",IF(ISNUMBER(SEARCH("Aug",A19)),"August",IF(ISNUMBER(SEARCH("Sep",A19)),"September",IF(ISNUMBER(SEARCH("Oct",A19)),"October",IF(ISNUMBER(SEARCH("Nov",A19)),"November",IF(ISNUMBER(SEARCH("Dec",A19)),"December",""))))))))))))),"") -> September
A20: ='yarn master raw '!A20 -> 23rd Sept | B20: ='yarn master raw '!B20 -> Cotton Yarn | C20: ='yarn master raw '!C20 -> Cotton | D20: =IF('yarn master raw '!J20="INR","India","Imported") -> India | E20: ='yarn master raw '!D20 -> KPR | F20: ='yarn master raw '!E20 -> 16's | G20: ='yarn master raw '!F20 -> Semi-Combed | H20: ='yarn master raw '!G20 -> 100% Cotton | I20: ='yarn master raw '!I20 -> 334 | J20: ='yarn master raw '!H20 -> ₹/kg | K20: ='yarn master raw '!J20 -> INR | L20: =_xlfn.XLOOKUP(K20,'usd inr forecast '!$N$2:$N$6,'usd inr forecast '!$O$2:$O$6,1) -> 1 | M20: =IF(J20="₹/kg",I20*L20,IF(J20="₹/Candy",I20*L20/355.62,IF(J20="₹/Bale",I20*L20/170,I20*L20))) -> 334 | N20: ="₹/kg" -> ₹/kg | O20: ='yarn master raw '!K20 -> Ex-Mill + Freight | P20: ='yarn master raw '!L20 -> No | Q20: ='yarn master raw '!M20 -> Cotton Yarn Price Trend | R20: ='yarn master raw '!N20 -> Historical Price | S20: =IFERROR(IF(ISNUMBER(A20),YEAR(A20),IF(ISNUMBER(SEARCH("'",A20)),VALUE("20"&MID(A20,SEARCH("'",A20)+1,2)),IF(ISNUMBER(SEARCH("2023",A20)),2023,IF(ISNUMBER(SEARCH("2024",A20)),2024,IF(ISNUMBER(SEARCH("2025",A20)),2025,IF(ISNUMBER(SEARCH("2026",A20)),2026,2022)))))),"") -> 2022 | T20: =IFERROR(IF(ISNUMBER(A20),TEXT(A20,"mmmm"),IF(ISNUMBER(SEARCH("Jan",A20)),"January",IF(ISNUMBER(SEARCH("Feb",A20)),"February",IF(ISNUMBER(SEARCH("March",A20)),"March",IF(ISNUMBER(SEARCH("April",A20)),"April",IF(ISNUMBER(SEARCH("May",A20)),"May",IF(ISNUMBER(SEARCH("June",A20)),"June",IF(ISNUMBER(SEARCH("July",A20)),"July",IF(ISNUMBER(SEARCH("Aug",A20)),"August",IF(ISNUMBER(SEARCH("Sep",A20)),"September",IF(ISNUMBER(SEARCH("Oct",A20)),"October",IF(ISNUMBER(SEARCH("Nov",A20)),"November",IF(ISNUMBER(SEARCH("Dec",A20)),"December",""))))))))))))),"") -> September
A21: ='yarn master raw '!A21 -> 23rd Sept | B21: ='yarn master raw '!B21 -> Cotton Yarn | C21: ='yarn master raw '!C21 -> Cotton | D21: =IF('yarn master raw '!J21="INR","India","Imported") -> India | E21: ='yarn master raw '!D21 -> KPR | F21: ='yarn master raw '!E21 -> 20's | G21: ='yarn master raw '!F21 -> Semi-Combed | H21: ='yarn master raw '!G21 -> 100% Cotton | I21: ='yarn master raw '!I21 -> 337 | J21: ='yarn master raw '!H21 -> ₹/kg | K21: ='yarn master raw '!J21 -> INR | L21: =_xlfn.XLOOKUP(K21,'usd inr forecast '!$N$2:$N$6,'usd inr forecast '!$O$2:$O$6,1) -> 1 | M21: =IF(J21="₹/kg",I21*L21,IF(J21="₹/Candy",I21*L21/355.62,IF(J21="₹/Bale",I21*L21/170,I21*L21))) -> 337 | N21: ="₹/kg" -> ₹/kg | O21: ='yarn master raw '!K21 -> Ex-Mill + Freight | P21: ='yarn master raw '!L21 -> No | Q21: ='yarn master raw '!M21 -> Cotton Yarn Price Trend | R21: ='yarn master raw '!N21 -> Historical Price | S21: =IFERROR(IF(ISNUMBER(A21),YEAR(A21),IF(ISNUMBER(SEARCH("'",A21)),VALUE("20"&MID(A21,SEARCH("'",A21)+1,2)),IF(ISNUMBER(SEARCH("2023",A21)),2023,IF(ISNUMBER(SEARCH("2024",A21)),2024,IF(ISNUMBER(SEARCH("2025",A21)),2025,IF(ISNUMBER(SEARCH("2026",A21)),2026,2022)))))),"") -> 2022 | T21: =IFERROR(IF(ISNUMBER(A21),TEXT(A21,"mmmm"),IF(ISNUMBER(SEARCH("Jan",A21)),"January",IF(ISNUMBER(SEARCH("Feb",A21)),"February",IF(ISNUMBER(SEARCH("March",A21)),"March",IF(ISNUMBER(SEARCH("April",A21)),"April",IF(ISNUMBER(SEARCH("May",A21)),"May",IF(ISNUMBER(SEARCH("June",A21)),"June",IF(ISNUMBER(SEARCH("July",A21)),"July",IF(ISNUMBER(SEARCH("Aug",A21)),"August",IF(ISNUMBER(SEARCH("Sep",A21)),"September",IF(ISNUMBER(SEARCH("Oct",A21)),"October",IF(ISNUMBER(SEARCH("Nov",A21)),"November",IF(ISNUMBER(SEARCH("Dec",A21)),"December",""))))))))))))),"") -> September
A22: ='yarn master raw '!A22 -> 23rd Sept | B22: ='yarn master raw '!B22 -> Cotton Yarn | C22: ='yarn master raw '!C22 -> Cotton | D22: =IF('yarn master raw '!J22="INR","India","Imported") -> India | E22: ='yarn master raw '!D22 -> KPR | F22: ='yarn master raw '!E22 -> 24's | G22: ='yarn master raw '!F22 -> Semi-Combed | H22: ='yarn master raw '!G22 -> 100% Cotton | I22: ='yarn master raw '!I22 -> 346 | J22: ='yarn master raw '!H22 -> ₹/kg | K22: ='yarn master raw '!J22 -> INR | L22: =_xlfn.XLOOKUP(K22,'usd inr forecast '!$N$2:$N$6,'usd inr forecast '!$O$2:$O$6,1) -> 1 | M22: =IF(J22="₹/kg",I22*L22,IF(J22="₹/Candy",I22*L22/355.62,IF(J22="₹/Bale",I22*L22/170,I22*L22))) -> 346 | N22: ="₹/kg" -> ₹/kg | O22: ='yarn master raw '!K22 -> Ex-Mill + Freight | P22: ='yarn master raw '!L22 -> No | Q22: ='yarn master raw '!M22 -> Cotton Yarn Price Trend | R22: ='yarn master raw '!N22 -> Historical Price | S22: =IFERROR(IF(ISNUMBER(A22),YEAR(A22),IF(ISNUMBER(SEARCH("'",A22)),VALUE("20"&MID(A22,SEARCH("'",A22)+1,2)),IF(ISNUMBER(SEARCH("2023",A22)),2023,IF(ISNUMBER(SEARCH("2024",A22)),2024,IF(ISNUMBER(SEARCH("2025",A22)),2025,IF(ISNUMBER(SEARCH("2026",A22)),2026,2022)))))),"") -> 2022 | T22: =IFERROR(IF(ISNUMBER(A22),TEXT(A22,"mmmm"),IF(ISNUMBER(SEARCH("Jan",A22)),"January",IF(ISNUMBER(SEARCH("Feb",A22)),"February",IF(ISNUMBER(SEARCH("March",A22)),"March",IF(ISNUMBER(SEARCH("April",A22)),"April",IF(ISNUMBER(SEARCH("May",A22)),"May",IF(ISNUMBER(SEARCH("June",A22)),"June",IF(ISNUMBER(SEARCH("July",A22)),"July",IF(ISNUMBER(SEARCH("Aug",A22)),"August",IF(ISNUMBER(SEARCH("Sep",A22)),"September",IF(ISNUMBER(SEARCH("Oct",A22)),"October",IF(ISNUMBER(SEARCH("Nov",A22)),"November",IF(ISNUMBER(SEARCH("Dec",A22)),"December",""))))))))))))),"") -> September
A23: ='yarn master raw '!A23 -> 23rd Sept | B23: ='yarn master raw '!B23 -> Cotton Yarn | C23: ='yarn master raw '!C23 -> Cotton | D23: =IF('yarn master raw '!J23="INR","India","Imported") -> India | E23: ='yarn master raw '!D23 -> KPR | F23: ='yarn master raw '!E23 -> 30's | G23: ='yarn master raw '!F23 -> Semi-Combed | H23: ='yarn master raw '!G23 -> 100% Cotton | I23: ='yarn master raw '!I23 -> 358 | J23: ='yarn master raw '!H23 -> ₹/kg | K23: ='yarn master raw '!J23 -> INR | L23: =_xlfn.XLOOKUP(K23,'usd inr forecast '!$N$2:$N$6,'usd inr forecast '!$O$2:$O$6,1) -> 1 | M23: =IF(J23="₹/kg",I23*L23,IF(J23="₹/Candy",I23*L23/355.62,IF(J23="₹/Bale",I23*L23/170,I23*L23))) -> 358 | N23: ="₹/kg" -> ₹/kg | O23: ='yarn master raw '!K23 -> Ex-Mill + Freight | P23: ='yarn master raw '!L23 -> No | Q23: ='yarn master raw '!M23 -> Cotton Yarn Price Trend | R23: ='yarn master raw '!N23 -> Historical Price | S23: =IFERROR(IF(ISNUMBER(A23),YEAR(A23),IF(ISNUMBER(SEARCH("'",A23)),VALUE("20"&MID(A23,SEARCH("'",A23)+1,2)),IF(ISNUMBER(SEARCH("2023",A23)),2023,IF(ISNUMBER(SEARCH("2024",A23)),2024,IF(ISNUMBER(SEARCH("2025",A23)),2025,IF(ISNUMBER(SEARCH("2026",A23)),2026,2022)))))),"") -> 2022 | T23: =IFERROR(IF(ISNUMBER(A23),TEXT(A23,"mmmm"),IF(ISNUMBER(SEARCH("Jan",A23)),"January",IF(ISNUMBER(SEARCH("Feb",A23)),"February",IF(ISNUMBER(SEARCH("March",A23)),"March",IF(ISNUMBER(SEARCH("April",A23)),"April",IF(ISNUMBER(SEARCH("May",A23)),"May",IF(ISNUMBER(SEARCH("June",A23)),"June",IF(ISNUMBER(SEARCH("July",A23)),"July",IF(ISNUMBER(SEARCH("Aug",A23)),"August",IF(ISNUMBER(SEARCH("Sep",A23)),"September",IF(ISNUMBER(SEARCH("Oct",A23)),"October",IF(ISNUMBER(SEARCH("Nov",A23)),"November",IF(ISNUMBER(SEARCH("Dec",A23)),"December",""))))))))))))),"") -> September
A24: ='yarn master raw '!A24 -> 23rd Sept | B24: ='yarn master raw '!B24 -> Cotton Yarn | C24: ='yarn master raw '!C24 -> Cotton | D24: =IF('yarn master raw '!J24="INR","India","Imported") -> India | E24: ='yarn master raw '!D24 -> KPR | F24: ='yarn master raw '!E24 -> 34's | G24: ='yarn master raw '!F24 -> Semi-Combed | H24: ='yarn master raw '!G24 -> 100% Cotton | I24: ='yarn master raw '!I24 -> 372 | J24: ='yarn master raw '!H24 -> ₹/kg | K24: ='yarn master raw '!J24 -> INR | L24: =_xlfn.XLOOKUP(K24,'usd inr forecast '!$N$2:$N$6,'usd inr forecast '!$O$2:$O$6,1) -> 1 | M24: =IF(J24="₹/kg",I24*L24,IF(J24="₹/Candy",I24*L24/355.62,IF(J24="₹/Bale",I24*L24/170,I24*L24))) -> 372 | N24: ="₹/kg" -> ₹/kg | O24: ='yarn master raw '!K24 -> Ex-Mill + Freight | P24: ='yarn master raw '!L24 -> No | Q24: ='yarn master raw '!M24 -> Cotton Yarn Price Trend | R24: ='yarn master raw '!N24 -> Historical Price | S24: =IFERROR(IF(ISNUMBER(A24),YEAR(A24),IF(ISNUMBER(SEARCH("'",A24)),VALUE("20"&MID(A24,SEARCH("'",A24)+1,2)),IF(ISNUMBER(SEARCH("2023",A24)),2023,IF(ISNUMBER(SEARCH("2024",A24)),2024,IF(ISNUMBER(SEARCH("2025",A24)),2025,IF(ISNUMBER(SEARCH("2026",A24)),2026,2022)))))),"") -> 2022 | T24: =IFERROR(IF(ISNUMBER(A24),TEXT(A24,"mmmm"),IF(ISNUMBER(SEARCH("Jan",A24)),"January",IF(ISNUMBER(SEARCH("Feb",A24)),"February",IF(ISNUMBER(SEARCH("March",A24)),"March",IF(ISNUMBER(SEARCH("April",A24)),"April",IF(ISNUMBER(SEARCH("May",A24)),"May",IF(ISNUMBER(SEARCH("June",A24)),"June",IF(ISNUMBER(SEARCH("July",A24)),"July",IF(ISNUMBER(SEARCH("Aug",A24)),"August",IF(ISNUMBER(SEARCH("Sep",A24)),"September",IF(ISNUMBER(SEARCH("Oct",A24)),"October",IF(ISNUMBER(SEARCH("Nov",A24)),"November",IF(ISNUMBER(SEARCH("Dec",A24)),"December",""))))))))))))),"") -> September
A25: ='yarn master raw '!A25 -> 23rd Sept | B25: ='yarn master raw '!B25 -> Cotton Yarn | C25: ='yarn master raw '!C25 -> Cotton | D25: =IF('yarn master raw '!J25="INR","India","Imported") -> India | E25: ='yarn master raw '!D25 -> KPR | F25: ='yarn master raw '!E25 -> 40's | G25: ='yarn master raw '!F25 -> Semi-Combed | H25: ='yarn master raw '!G25 -> 100% Cotton | I25: ='yarn master raw '!I25 -> 393 | J25: ='yarn master raw '!H25 -> ₹/kg | K25: ='yarn master raw '!J25 -> INR | L25: =_xlfn.XLOOKUP(K25,'usd inr forecast '!$N$2:$N$6,'usd inr forecast '!$O$2:$O$6,1) -> 1 | M25: =IF(J25="₹/kg",I25*L25,IF(J25="₹/Candy",I25*L25/355.62,IF(J25="₹/Bale",I25*L25/170,I25*L25))) -> 393 | N25: ="₹/kg" -> ₹/kg | O25: ='yarn master raw '!K25 -> Ex-Mill + Freight | P25: ='yarn master raw '!L25 -> No | Q25: ='yarn master raw '!M25 -> Cotton Yarn Price Trend | R25: ='yarn master raw '!N25 -> Historical Price | S25: =IFERROR(IF(ISNUMBER(A25),YEAR(A25),IF(ISNUMBER(SEARCH("'",A25)),VALUE("20"&MID(A25,SEARCH("'",A25)+1,2)),IF(ISNUMBER(SEARCH("2023",A25)),2023,IF(ISNUMBER(SEARCH("2024",A25)),2024,IF(ISNUMBER(SEARCH("2025",A25)),2025,IF(ISNUMBER(SEARCH("2026",A25)),2026,2022)))))),"") -> 2022 | T25: =IFERROR(IF(ISNUMBER(A25),TEXT(A25,"mmmm"),IF(ISNUMBER(SEARCH("Jan",A25)),"January",IF(ISNUMBER(SEARCH("Feb",A25)),"February",IF(ISNUMBER(SEARCH("March",A25)),"March",IF(ISNUMBER(SEARCH("April",A25)),"April",IF(ISNUMBER(SEARCH("May",A25)),"May",IF(ISNUMBER(SEARCH("June",A25)),"June",IF(ISNUMBER(SEARCH("July",A25)),"July",IF(ISNUMBER(SEARCH("Aug",A25)),"August",IF(ISNUMBER(SEARCH("Sep",A25)),"September",IF(ISNUMBER(SEARCH("Oct",A25)),"October",IF(ISNUMBER(SEARCH("Nov",A25)),"November",IF(ISNUMBER(SEARCH("Dec",A25)),"December",""))))))))))))),"") -> September
A26: ='yarn master raw '!A26 -> 29th Sept | B26: ='yarn master raw '!B26 -> Cotton Yarn | C26: ='yarn master raw '!C26 -> Cotton | D26: =IF('yarn master raw '!J26="INR","India","Imported") -> India | E26: ='yarn master raw '!D26 -> KPR | F26: ='yarn master raw '!E26 -> 16's | G26: ='yarn master raw '!F26 -> Semi-Combed | H26: ='yarn master raw '!G26 -> 100% Cotton | I26: ='yarn master raw '!I26 -> 334 | J26: ='yarn master raw '!H26 -> ₹/kg | K26: ='yarn master raw '!J26 -> INR | L26: =_xlfn.XLOOKUP(K26,'usd inr forecast '!$N$2:$N$6,'usd inr forecast '!$O$2:$O$6,1) -> 1 | M26: =IF(J26="₹/kg",I26*L26,IF(J26="₹/Candy",I26*L26/355.62,IF(J26="₹/Bale",I26*L26/170,I26*L26))) -> 334 | N26: ="₹/kg" -> ₹/kg | O26: ='yarn master raw '!K26 -> Ex-Mill + Freight | P26: ='yarn master raw '!L26 -> No | Q26: ='yarn master raw '!M26 -> Cotton Yarn Price Trend | R26: ='yarn master raw '!N26 -> Historical Price | S26: =IFERROR(IF(ISNUMBER(A26),YEAR(A26),IF(ISNUMBER(SEARCH("'",A26)),VALUE("20"&MID(A26,SEARCH("'",A26)+1,2)),IF(ISNUMBER(SEARCH("2023",A26)),2023,IF(ISNUMBER(SEARCH("2024",A26)),2024,IF(ISNUMBER(SEARCH("2025",A26)),2025,IF(ISNUMBER(SEARCH("2026",A26)),2026,2022)))))),"") -> 2022 | T26: =IFERROR(IF(ISNUMBER(A26),TEXT(A26,"mmmm"),IF(ISNUMBER(SEARCH("Jan",A26)),"January",IF(ISNUMBER(SEARCH("Feb",A26)),"February",IF(ISNUMBER(SEARCH("March",A26)),"March",IF(ISNUMBER(SEARCH("April",A26)),"April",IF(ISNUMBER(SEARCH("May",A26)),"May",IF(ISNUMBER(SEARCH("June",A26)),"June",IF(ISNUMBER(SEARCH("July",A26)),"July",IF(ISNUMBER(SEARCH("Aug",A26)),"August",IF(ISNUMBER(SEARCH("Sep",A26)),"September",IF(ISNUMBER(SEARCH("Oct",A26)),"October",IF(ISNUMBER(SEARCH("Nov",A26)),"November",IF(ISNUMBER(SEARCH("Dec",A26)),"December",""))))))))))))),"") -> September
A27: ='yarn master raw '!A27 -> 29th Sept | B27: ='yarn master raw '!B27 -> Cotton Yarn | C27: ='yarn master raw '!C27 -> Cotton | D27: =IF('yarn master raw '!J27="INR","India","Imported") -> India | E27: ='yarn master raw '!D27 -> KPR | F27: ='yarn master raw '!E27 -> 20's | G27: ='yarn master raw '!F27 -> Semi-Combed | H27: ='yarn master raw '!G27 -> 100% Cotton | I27: ='yarn master raw '!I27 -> 337 | J27: ='yarn master raw '!H27 -> ₹/kg | K27: ='yarn master raw '!J27 -> INR | L27: =_xlfn.XLOOKUP(K27,'usd inr forecast '!$N$2:$N$6,'usd inr forecast '!$O$2:$O$6,1) -> 1 | M27: =IF(J27="₹/kg",I27*L27,IF(J27="₹/Candy",I27*L27/355.62,IF(J27="₹/Bale",I27*L27/170,I27*L27))) -> 337 | N27: ="₹/kg" -> ₹/kg | O27: ='yarn master raw '!K27 -> Ex-Mill + Freight | P27: ='yarn master raw '!L27 -> No | Q27: ='yarn master raw '!M27 -> Cotton Yarn Price Trend | R27: ='yarn master raw '!N27 -> Historical Price | S27: =IFERROR(IF(ISNUMBER(A27),YEAR(A27),IF(ISNUMBER(SEARCH("'",A27)),VALUE("20"&MID(A27,SEARCH("'",A27)+1,2)),IF(ISNUMBER(SEARCH("2023",A27)),2023,IF(ISNUMBER(SEARCH("2024",A27)),2024,IF(ISNUMBER(SEARCH("2025",A27)),2025,IF(ISNUMBER(SEARCH("2026",A27)),2026,2022)))))),"") -> 2022 | T27: =IFERROR(IF(ISNUMBER(A27),TEXT(A27,"mmmm"),IF(ISNUMBER(SEARCH("Jan",A27)),"January",IF(ISNUMBER(SEARCH("Feb",A27)),"February",IF(ISNUMBER(SEARCH("March",A27)),"March",IF(ISNUMBER(SEARCH("April",A27)),"April",IF(ISNUMBER(SEARCH("May",A27)),"May",IF(ISNUMBER(SEARCH("June",A27)),"June",IF(ISNUMBER(SEARCH("July",A27)),"July",IF(ISNUMBER(SEARCH("Aug",A27)),"August",IF(ISNUMBER(SEARCH("Sep",A27)),"September",IF(ISNUMBER(SEARCH("Oct",A27)),"October",IF(ISNUMBER(SEARCH("Nov",A27)),"November",IF(ISNUMBER(SEARCH("Dec",A27)),"December",""))))))))))))),"") -> September
A28: ='yarn master raw '!A28 -> 29th Sept | B28: ='yarn master raw '!B28 -> Cotton Yarn | C28: ='yarn master raw '!C28 -> Cotton | D28: =IF('yarn master raw '!J28="INR","India","Imported") -> India | E28: ='yarn master raw '!D28 -> KPR | F28: ='yarn master raw '!E28 -> 24's | G28: ='yarn master raw '!F28 -> Semi-Combed | H28: ='yarn master raw '!G28 -> 100% Cotton | I28: ='yarn master raw '!I28 -> 346 | J28: ='yarn master raw '!H28 -> ₹/kg | K28: ='yarn master raw '!J28 -> INR | L28: =_xlfn.XLOOKUP(K28,'usd inr forecast '!$N$2:$N$6,'usd inr forecast '!$O$2:$O$6,1) -> 1 | M28: =IF(J28="₹/kg",I28*L28,IF(J28="₹/Candy",I28*L28/355.62,IF(J28="₹/Bale",I28*L28/170,I28*L28))) -> 346 | N28: ="₹/kg" -> ₹/kg | O28: ='yarn master raw '!K28 -> Ex-Mill + Freight | P28: ='yarn master raw '!L28 -> No | Q28: ='yarn master raw '!M28 -> Cotton Yarn Price Trend | R28: ='yarn master raw '!N28 -> Historical Price | S28: =IFERROR(IF(ISNUMBER(A28),YEAR(A28),IF(ISNUMBER(SEARCH("'",A28)),VALUE("20"&MID(A28,SEARCH("'",A28)+1,2)),IF(ISNUMBER(SEARCH("2023",A28)),2023,IF(ISNUMBER(SEARCH("2024",A28)),2024,IF(ISNUMBER(SEARCH("2025",A28)),2025,IF(ISNUMBER(SEARCH("2026",A28)),2026,2022)))))),"") -> 2022 | T28: =IFERROR(IF(ISNUMBER(A28),TEXT(A28,"mmmm"),IF(ISNUMBER(SEARCH("Jan",A28)),"January",IF(ISNUMBER(SEARCH("Feb",A28)),"February",IF(ISNUMBER(SEARCH("March",A28)),"March",IF(ISNUMBER(SEARCH("April",A28)),"April",IF(ISNUMBER(SEARCH("May",A28)),"May",IF(ISNUMBER(SEARCH("June",A28)),"June",IF(ISNUMBER(SEARCH("July",A28)),"July",IF(ISNUMBER(SEARCH("Aug",A28)),"August",IF(ISNUMBER(SEARCH("Sep",A28)),"September",IF(ISNUMBER(SEARCH("Oct",A28)),"October",IF(ISNUMBER(SEARCH("Nov",A28)),"November",IF(ISNUMBER(SEARCH("Dec",A28)),"December",""))))))))))))),"") -> September
A29: ='yarn master raw '!A29 -> 29th Sept | B29: ='yarn master raw '!B29 -> Cotton Yarn | C29: ='yarn master raw '!C29 -> Cotton | D29: =IF('yarn master raw '!J29="INR","India","Imported") -> India | E29: ='yarn master raw '!D29 -> KPR | F29: ='yarn master raw '!E29 -> 30's | G29: ='yarn master raw '!F29 -> Semi-Combed | H29: ='yarn master raw '!G29 -> 100% Cotton | I29: ='yarn master raw '!I29 -> 358 | J29: ='yarn master raw '!H29 -> ₹/kg | K29: ='yarn master raw '!J29 -> INR | L29: =_xlfn.XLOOKUP(K29,'usd inr forecast '!$N$2:$N$6,'usd inr forecast '!$O$2:$O$6,1) -> 1 | M29: =IF(J29="₹/kg",I29*L29,IF(J29="₹/Candy",I29*L29/355.62,IF(J29="₹/Bale",I29*L29/170,I29*L29))) -> 358 | N29: ="₹/kg" -> ₹/kg | O29: ='yarn master raw '!K29 -> Ex-Mill + Freight | P29: ='yarn master raw '!L29 -> No | Q29: ='yarn master raw '!M29 -> Cotton Yarn Price Trend | R29: ='yarn master raw '!N29 -> Historical Price | S29: =IFERROR(IF(ISNUMBER(A29),YEAR(A29),IF(ISNUMBER(SEARCH("'",A29)),VALUE("20"&MID(A29,SEARCH("'",A29)+1,2)),IF(ISNUMBER(SEARCH("2023",A29)),2023,IF(ISNUMBER(SEARCH("2024",A29)),2024,IF(ISNUMBER(SEARCH("2025",A29)),2025,IF(ISNUMBER(SEARCH("2026",A29)),2026,2022)))))),"") -> 2022 | T29: =IFERROR(IF(ISNUMBER(A29),TEXT(A29,"mmmm"),IF(ISNUMBER(SEARCH("Jan",A29)),"January",IF(ISNUMBER(SEARCH("Feb",A29)),"February",IF(ISNUMBER(SEARCH("March",A29)),"March",IF(ISNUMBER(SEARCH("April",A29)),"April",IF(ISNUMBER(SEARCH("May",A29)),"May",IF(ISNUMBER(SEARCH("June",A29)),"June",IF(ISNUMBER(SEARCH("July",A29)),"July",IF(ISNUMBER(SEARCH("Aug",A29)),"August",IF(ISNUMBER(SEARCH("Sep",A29)),"September",IF(ISNUMBER(SEARCH("Oct",A29)),"October",IF(ISNUMBER(SEARCH("Nov",A29)),"November",IF(ISNUMBER(SEARCH("Dec",A29)),"December",""))))))))))))),"") -> September
A30: ='yarn master raw '!A30 -> 29th Sept | B30: ='yarn master raw '!B30 -> Cotton Yarn | C30: ='yarn master raw '!C30 -> Cotton | D30: =IF('yarn master raw '!J30="INR","India","Imported") -> India | E30: ='yarn master raw '!D30 -> KPR | F30: ='yarn master raw '!E30 -> 34's | G30: ='yarn master raw '!F30 -> Semi-Combed | H30: ='yarn master raw '!G30 -> 100% Cotton | I30: ='yarn master raw '!I30 -> 372 | J30: ='yarn master raw '!H30 -> ₹/kg | K30: ='yarn master raw '!J30 -> INR | L30: =_xlfn.XLOOKUP(K30,'usd inr forecast '!$N$2:$N$6,'usd inr forecast '!$O$2:$O$6,1) -> 1 | M30: =IF(J30="₹/kg",I30*L30,IF(J30="₹/Candy",I30*L30/355.62,IF(J30="₹/Bale",I30*L30/170,I30*L30))) -> 372 | N30: ="₹/kg" -> ₹/kg | O30: ='yarn master raw '!K30 -> Ex-Mill + Freight | P30: ='yarn master raw '!L30 -> No | Q30: ='yarn master raw '!M30 -> Cotton Yarn Price Trend | R30: ='yarn master raw '!N30 -> Historical Price | S30: =IFERROR(IF(ISNUMBER(A30),YEAR(A30),IF(ISNUMBER(SEARCH("'",A30)),VALUE("20"&MID(A30,SEARCH("'",A30)+1,2)),IF(ISNUMBER(SEARCH("2023",A30)),2023,IF(ISNUMBER(SEARCH("2024",A30)),2024,IF(ISNUMBER(SEARCH("2025",A30)),2025,IF(ISNUMBER(SEARCH("2026",A30)),2026,2022)))))),"") -> 2022 | T30: =IFERROR(IF(ISNUMBER(A30),TEXT(A30,"mmmm"),IF(ISNUMBER(SEARCH("Jan",A30)),"January",IF(ISNUMBER(SEARCH("Feb",A30)),"February",IF(ISNUMBER(SEARCH("March",A30)),"March",IF(ISNUMBER(SEARCH("April",A30)),"April",IF(ISNUMBER(SEARCH("May",A30)),"May",IF(ISNUMBER(SEARCH("June",A30)),"June",IF(ISNUMBER(SEARCH("July",A30)),"July",IF(ISNUMBER(SEARCH("Aug",A30)),"August",IF(ISNUMBER(SEARCH("Sep",A30)),"September",IF(ISNUMBER(SEARCH("Oct",A30)),"October",IF(ISNUMBER(SEARCH("Nov",A30)),"November",IF(ISNUMBER(SEARCH("Dec",A30)),"December",""))))))))))))),"") -> September
A31: ='yarn master raw '!A31 -> 29th Sept | B31: ='yarn master raw '!B31 -> Cotton Yarn | C31: ='yarn master raw '!C31 -> Cotton | D31: =IF('yarn master raw '!J31="INR","India","Imported") -> India | E31: ='yarn master raw '!D31 -> KPR | F31: ='yarn master raw '!E31 -> 40's | G31: ='yarn master raw '!F31 -> Semi-Combed | H31: ='yarn master raw '!G31 -> 100% Cotton | I31: ='yarn master raw '!I31 -> 393 | J31: ='yarn master raw '!H31 -> ₹/kg | K31: ='yarn master raw '!J31 -> INR | L31: =_xlfn.XLOOKUP(K31,'usd inr forecast '!$N$2:$N$6,'usd inr forecast '!$O$2:$O$6,1) -> 1 | M31: =IF(J31="₹/kg",I31*L31,IF(J31="₹/Candy",I31*L31/355.62,IF(J31="₹/Bale",I31*L31/170,I31*L31))) -> 393 | N31: ="₹/kg" -> ₹/kg | O31: ='yarn master raw '!K31 -> Ex-Mill + Freight | P31: ='yarn master raw '!L31 -> No | Q31: ='yarn master raw '!M31 -> Cotton Yarn Price Trend | R31: ='yarn master raw '!N31 -> Historical Price | S31: =IFERROR(IF(ISNUMBER(A31),YEAR(A31),IF(ISNUMBER(SEARCH("'",A31)),VALUE("20"&MID(A31,SEARCH("'",A31)+1,2)),IF(ISNUMBER(SEARCH("2023",A31)),2023,IF(ISNUMBER(SEARCH("2024",A31)),2024,IF(ISNUMBER(SEARCH("2025",A31)),2025,IF(ISNUMBER(SEARCH("2026",A31)),2026,2022)))))),"") -> 2022 | T31: =IFERROR(IF(ISNUMBER(A31),TEXT(A31,"mmmm"),IF(ISNUMBER(SEARCH("Jan",A31)),"January",IF(ISNUMBER(SEARCH("Feb",A31)),"February",IF(ISNUMBER(SEARCH("March",A31)),"March",IF(ISNUMBER(SEARCH("April",A31)),"April",IF(ISNUMBER(SEARCH("May",A31)),"May",IF(ISNUMBER(SEARCH("June",A31)),"June",IF(ISNUMBER(SEARCH("July",A31)),"July",IF(ISNUMBER(SEARCH("Aug",A31)),"August",IF(ISNUMBER(SEARCH("Sep",A31)),"September",IF(ISNUMBER(SEARCH("Oct",A31)),"October",IF(ISNUMBER(SEARCH("Nov",A31)),"November",IF(ISNUMBER(SEARCH("Dec",A31)),"December",""))))))))))))),"") -> September
... A289: ='yarn master raw '!A289 -> 04th Feb 2026 | B289: ='yarn master raw '!B289 -> Cotton Yarn | C289: ='yarn master raw '!C289 -> Cotton | D289: =IF('yarn master raw '!J289="INR","India","Imported") -> India | E289: ='yarn master raw '!D289 -> KPR | F289: ='yarn master raw '!E289 -> 40's | G289: ='yarn master raw '!F289 -> Semi-Combed | H289: ='yarn master raw '!G289 -> 100% Cotton | I289: ='yarn master raw '!I289 -> 313 | J289: ='yarn master raw '!H289 -> ₹/kg | K289: ='yarn master raw '!J289 -> INR | L289: =_xlfn.XLOOKUP(K289,'usd inr forecast '!$N$2:$N$6,'usd inr forecast '!$O$2:$O$6,1) -> 1 | M289: =IF(J289="₹/kg",I289*L289,IF(J289="₹/Candy",I289*L289/355.62,IF(J289="₹/Bale",I289*L289/170,I289*L289))) -> 313 | N289: ="₹/kg" -> ₹/kg | O289: ='yarn master raw '!K289 -> Ex-Mill + Freight | P289: ='yarn master raw '!L289 -> Yes | Q289: ='yarn master raw '!M289 -> Cotton Yarn Price Trend | R289: ='yarn master raw '!N289 -> Historical Price | S289: =IFERROR(IF(ISNUMBER(A289),YEAR(A289),IF(ISNUMBER(SEARCH("'",A289)),VALUE("20"&MID(A289,SEARCH("'",A289)+1,2)),IF(ISNUMBER(SEARCH("2023",A289)),2023,IF(ISNUMBER(SEARCH("2024",A289)),2024,IF(ISNUMBER(SEARCH("2025",A289)),2025,IF(ISNUMBER(SEARCH("2026",A289)),2026,2022)))))),"") -> 2026 | T289: =IFERROR(IF(ISNUMBER(A289),TEXT(A289,"mmmm"),IF(ISNUMBER(SEARCH("Jan",A289)),"January",IF(ISNUMBER(SEARCH("Feb",A289)),"February",IF(ISNUMBER(SEARCH("March",A289)),"March",IF(ISNUMBER(SEARCH("April",A289)),"April",IF(ISNUMBER(SEARCH("May",A289)),"May",IF(ISNUMBER(SEARCH("June",A289)),"June",IF(ISNUMBER(SEARCH("July",A289)),"July",IF(ISNUMBER(SEARCH("Aug",A289)),"August",IF(ISNUMBER(SEARCH("Sep",A289)),"September",IF(ISNUMBER(SEARCH("Oct",A289)),"October",IF(ISNUMBER(SEARCH("Nov",A289)),"November",IF(ISNUMBER(SEARCH("Dec",A289)),"December",""))))))))))))),"") -> February
A290: ='yarn master raw '!A290 -> 07th Mar 2026 | B290: ='yarn master raw '!B290 -> Cotton Yarn | C290: ='yarn master raw '!C290 -> Cotton | D290: =IF('yarn master raw '!J290="INR","India","Imported") -> India | E290: ='yarn master raw '!D290 -> KPR | F290: ='yarn master raw '!E290 -> 16's | G290: ='yarn master raw '!F290 -> Semi-Combed | H290: ='yarn master raw '!G290 -> 100% Cotton | I290: ='yarn master raw '!I290 -> 264 | J290: ='yarn master raw '!H290 -> ₹/kg | K290: ='yarn master raw '!J290 -> INR | L290: =_xlfn.XLOOKUP(K290,'usd inr forecast '!$N$2:$N$6,'usd inr forecast '!$O$2:$O$6,1) -> 1 | M290: =IF(J290="₹/kg",I290*L290,IF(J290="₹/Candy",I290*L290/355.62,IF(J290="₹/Bale",I290*L290/170,I290*L290))) -> 264 | N290: ="₹/kg" -> ₹/kg | O290: ='yarn master raw '!K290 -> Ex-Mill + Freight | P290: ='yarn master raw '!L290 -> Yes | Q290: ='yarn master raw '!M290 -> Cotton Yarn Price Trend | R290: ='yarn master raw '!N290 -> Historical Price | S290: =IFERROR(IF(ISNUMBER(A290),YEAR(A290),IF(ISNUMBER(SEARCH("'",A290)),VALUE("20"&MID(A290,SEARCH("'",A290)+1,2)),IF(ISNUMBER(SEARCH("2023",A290)),2023,IF(ISNUMBER(SEARCH("2024",A290)),2024,IF(ISNUMBER(SEARCH("2025",A290)),2025,IF(ISNUMBER(SEARCH("2026",A290)),2026,2022)))))),"") -> 2026 | T290: March
A291: ='yarn master raw '!A291 -> 07th Mar 2026 | B291: ='yarn master raw '!B291 -> Cotton Yarn | C291: ='yarn master raw '!C291 -> Cotton | D291: =IF('yarn master raw '!J291="INR","India","Imported") -> India | E291: ='yarn master raw '!D291 -> KPR | F291: ='yarn master raw '!E291 -> 20's | G291: ='yarn master raw '!F291 -> Semi-Combed | H291: ='yarn master raw '!G291 -> 100% Cotton | I291: ='yarn master raw '!I291 -> 264 | J291: ='yarn master raw '!H291 -> ₹/kg | K291: ='yarn master raw '!J291 -> INR | L291: =_xlfn.XLOOKUP(K291,'usd inr forecast '!$N$2:$N$6,'usd inr forecast '!$O$2:$O$6,1) -> 1 | M291: =IF(J291="₹/kg",I291*L291,IF(J291="₹/Candy",I291*L291/355.62,IF(J291="₹/Bale",I291*L291/170,I291*L291))) -> 264 | N291: ="₹/kg" -> ₹/kg | O291: ='yarn master raw '!K291 -> Ex-Mill + Freight | P291: ='yarn master raw '!L291 -> Yes | Q291: ='yarn master raw '!M291 -> Cotton Yarn Price Trend | R291: ='yarn master raw '!N291 -> Historical Price | S291: =IFERROR(IF(ISNUMBER(A291),YEAR(A291),IF(ISNUMBER(SEARCH("'",A291)),VALUE("20"&MID(A291,SEARCH("'",A291)+1,2)),IF(ISNUMBER(SEARCH("2023",A291)),2023,IF(ISNUMBER(SEARCH("2024",A291)),2024,IF(ISNUMBER(SEARCH("2025",A291)),2025,IF(ISNUMBER(SEARCH("2026",A291)),2026,2022)))))),"") -> 2026 | T291: March
A292: ='yarn master raw '!A292 -> 07th Mar 2026 | B292: ='yarn master raw '!B292 -> Cotton Yarn | C292: ='yarn master raw '!C292 -> Cotton | D292: =IF('yarn master raw '!J292="INR","India","Imported") -> India | E292: ='yarn master raw '!D292 -> KPR | F292: ='yarn master raw '!E292 -> 24's | G292: ='yarn master raw '!F292 -> Semi-Combed | H292: ='yarn master raw '!G292 -> 100% Cotton | I292: ='yarn master raw '!I292 -> 273 | J292: ='yarn master raw '!H292 -> ₹/kg | K292: ='yarn master raw '!J292 -> INR | L292: =_xlfn.XLOOKUP(K292,'usd inr forecast '!$N$2:$N$6,'usd inr forecast '!$O$2:$O$6,1) -> 1 | M292: =IF(J292="₹/kg",I292*L292,IF(J292="₹/Candy",I292*L292/355.62,IF(J292="₹/Bale",I292*L292/170,I292*L292))) -> 273 | N292: ="₹/kg" -> ₹/kg | O292: ='yarn master raw '!K292 -> Ex-Mill + Freight | P292: ='yarn master raw '!L292 -> Yes | Q292: ='yarn master raw '!M292 -> Cotton Yarn Price Trend | R292: ='yarn master raw '!N292 -> Historical Price | S292: =IFERROR(IF(ISNUMBER(A292),YEAR(A292),IF(ISNUMBER(SEARCH("'",A292)),VALUE("20"&MID(A292,SEARCH("'",A292)+1,2)),IF(ISNUMBER(SEARCH("2023",A292)),2023,IF(ISNUMBER(SEARCH("2024",A292)),2024,IF(ISNUMBER(SEARCH("2025",A292)),2025,IF(ISNUMBER(SEARCH("2026",A292)),2026,2022)))))),"") -> 2026 | T292: March
A293: ='yarn master raw '!A293 -> 07th Mar 2026 | B293: ='yarn master raw '!B293 -> Cotton Yarn | C293: ='yarn master raw '!C293 -> Cotton | D293: =IF('yarn master raw '!J293="INR","India","Imported") -> India | E293: ='yarn master raw '!D293 -> KPR | F293: ='yarn master raw '!E293 -> 30's | G293: ='yarn master raw '!F293 -> Semi-Combed | H293: ='yarn master raw '!G293 -> 100% Cotton | I293: ='yarn master raw '!I293 -> 285 | J293: ='yarn master raw '!H293 -> ₹/kg | K293: ='yarn master raw '!J293 -> INR | L293: =_xlfn.XLOOKUP(K293,'usd inr forecast '!$N$2:$N$6,'usd inr forecast '!$O$2:$O$6,1) -> 1 | M293: =IF(J293="₹/kg",I293*L293,IF(J293="₹/Candy",I293*L293/355.62,IF(J293="₹/Bale",I293*L293/170,I293*L293))) -> 285 | N293: ="₹/kg" -> ₹/kg | O293: ='yarn master raw '!K293 -> Ex-Mill + Freight | P293: ='yarn master raw '!L293 -> Yes | Q293: ='yarn master raw '!M293 -> Cotton Yarn Price Trend | R293: ='yarn master raw '!N293 -> Historical Price | S293: =IFERROR(IF(ISNUMBER(A293),YEAR(A293),IF(ISNUMBER(SEARCH("'",A293)),VALUE("20"&MID(A293,SEARCH("'",A293)+1,2)),IF(ISNUMBER(SEARCH("2023",A293)),2023,IF(ISNUMBER(SEARCH("2024",A293)),2024,IF(ISNUMBER(SEARCH("2025",A293)),2025,IF(ISNUMBER(SEARCH("2026",A293)),2026,2022)))))),"") -> 2026 | T293: March
A294: ='yarn master raw '!A294 -> 07th Mar 2026 | B294: ='yarn master raw '!B294 -> Cotton Yarn | C294: ='yarn master raw '!C294 -> Cotton | D294: =IF('yarn master raw '!J294="INR","India","Imported") -> India | E294: ='yarn master raw '!D294 -> KPR | F294: ='yarn master raw '!E294 -> 34's | G294: ='yarn master raw '!F294 -> Semi-Combed | H294: ='yarn master raw '!G294 -> 100% Cotton | I294: ='yarn master raw '!I294 -> 292 | J294: ='yarn master raw '!H294 -> ₹/kg | K294: ='yarn master raw '!J294 -> INR | L294: =_xlfn.XLOOKUP(K294,'usd inr forecast '!$N$2:$N$6,'usd inr forecast '!$O$2:$O$6,1) -> 1 | M294: =IF(J294="₹/kg",I294*L294,IF(J294="₹/Candy",I294*L294/355.62,IF(J294="₹/Bale",I294*L294/170,I294*L294))) -> 292 | N294: ="₹/kg" -> ₹/kg | O294: ='yarn master raw '!K294 -> Ex-Mill + Freight | P294: ='yarn master raw '!L294 -> Yes | Q294: ='yarn master raw '!M294 -> Cotton Yarn Price Trend | R294: ='yarn master raw '!N294 -> Historical Price | S294: =IFERROR(IF(ISNUMBER(A294),YEAR(A294),IF(ISNUMBER(SEARCH("'",A294)),VALUE("20"&MID(A294,SEARCH("'",A294)+1,2)),IF(ISNUMBER(SEARCH("2023",A294)),2023,IF(ISNUMBER(SEARCH("2024",A294)),2024,IF(ISNUMBER(SEARCH("2025",A294)),2025,IF(ISNUMBER(SEARCH("2026",A294)),2026,2022)))))),"") -> 2026 | T294: March
A295: ='yarn master raw '!A295 -> 07th Mar 2026 | B295: ='yarn master raw '!B295 -> Cotton Yarn | C295: ='yarn master raw '!C295 -> Cotton | D295: =IF('yarn master raw '!J295="INR","India","Imported") -> India | E295: ='yarn master raw '!D295 -> KPR | F295: ='yarn master raw '!E295 -> 40's | G295: ='yarn master raw '!F295 -> Semi-Combed | H295: ='yarn master raw '!G295 -> 100% Cotton | I295: ='yarn master raw '!I295 -> 313 | J295: ='yarn master raw '!H295 -> ₹/kg | K295: ='yarn master raw '!J295 -> INR | L295: =_xlfn.XLOOKUP(K295,'usd inr forecast '!$N$2:$N$6,'usd inr forecast '!$O$2:$O$6,1) -> 1 | M295: =IF(J295="₹/kg",I295*L295,IF(J295="₹/Candy",I295*L295/355.62,IF(J295="₹/Bale",I295*L295/170,I295*L295))) -> 313 | N295: ="₹/kg" -> ₹/kg | O295: ='yarn master raw '!K295 -> Ex-Mill + Freight | P295: ='yarn master raw '!L295 -> Yes | Q295: ='yarn master raw '!M295 -> Cotton Yarn Price Trend | R295: ='yarn master raw '!N295 -> Historical Price | S295: =IFERROR(IF(ISNUMBER(A295),YEAR(A295),IF(ISNUMBER(SEARCH("'",A295)),VALUE("20"&MID(A295,SEARCH("'",A295)+1,2)),IF(ISNUMBER(SEARCH("2023",A295)),2023,IF(ISNUMBER(SEARCH("2024",A295)),2024,IF(ISNUMBER(SEARCH("2025",A295)),2025,IF(ISNUMBER(SEARCH("2026",A295)),2026,2022)))))),"") -> 2026 | T295: March
A296: ='yarn master raw '!A296 -> 20th Mar 2026 | B296: ='yarn master raw '!B296 -> Cotton Yarn | C296: ='yarn master raw '!C296 -> Cotton | D296: =IF('yarn master raw '!J296="INR","India","Imported") -> India | E296: ='yarn master raw '!D296 -> KPR | F296: ='yarn master raw '!E296 -> 16's | G296: ='yarn master raw '!F296 -> Semi-Combed | H296: ='yarn master raw '!G296 -> 100% Cotton | I296: ='yarn master raw '!I296 -> 264 | J296: ='yarn master raw '!H296 -> ₹/kg | K296: ='yarn master raw '!J296 -> INR | L296: =_xlfn.XLOOKUP(K296,'usd inr forecast '!$N$2:$N$6,'usd inr forecast '!$O$2:$O$6,1) -> 1 | M296: =IF(J296="₹/kg",I296*L296,IF(J296="₹/Candy",I296*L296/355.62,IF(J296="₹/Bale",I296*L296/170,I296*L296))) -> 264 | N296: ="₹/kg" -> ₹/kg | O296: ='yarn master raw '!K296 -> Ex-Mill + Freight | P296: ='yarn master raw '!L296 -> Yes | Q296: ='yarn master raw '!M296 -> Cotton Yarn Price Trend | R296: ='yarn master raw '!N296 -> Historical Price | S296: =IFERROR(IF(ISNUMBER(A296),YEAR(A296),IF(ISNUMBER(SEARCH("'",A296)),VALUE("20"&MID(A296,SEARCH("'",A296)+1,2)),IF(ISNUMBER(SEARCH("2023",A296)),2023,IF(ISNUMBER(SEARCH("2024",A296)),2024,IF(ISNUMBER(SEARCH("2025",A296)),2025,IF(ISNUMBER(SEARCH("2026",A296)),2026,2022)))))),"") -> 2026 | T296: March
A297: ='yarn master raw '!A297 -> 20th Mar 2026 | B297: ='yarn master raw '!B297 -> Cotton Yarn | C297: ='yarn master raw '!C297 -> Cotton | D297: =IF('yarn master raw '!J297="INR","India","Imported") -> India | E297: ='yarn master raw '!D297 -> KPR | F297: ='yarn master raw '!E297 -> 20's | G297: ='yarn master raw '!F297 -> Semi-Combed | H297: ='yarn master raw '!G297 -> 100% Cotton | I297: ='yarn master raw '!I297 -> 264 | J297: ='yarn master raw '!H297 -> ₹/kg | K297: ='yarn master raw '!J297 -> INR | L297: =_xlfn.XLOOKUP(K297,'usd inr forecast '!$N$2:$N$6,'usd inr forecast '!$O$2:$O$6,1) -> 1 | M297: =IF(J297="₹/kg",I297*L297,IF(J297="₹/Candy",I297*L297/355.62,IF(J297="₹/Bale",I297*L297/170,I297*L297))) -> 264 | N297: ="₹/kg" -> ₹/kg | O297: ='yarn master raw '!K297 -> Ex-Mill + Freight | P297: ='yarn master raw '!L297 -> Yes | Q297: ='yarn master raw '!M297 -> Cotton Yarn Price Trend | R297: ='yarn master raw '!N297 -> Historical Price | S297: =IFERROR(IF(ISNUMBER(A297),YEAR(A297),IF(ISNUMBER(SEARCH("'",A297)),VALUE("20"&MID(A297,SEARCH("'",A297)+1,2)),IF(ISNUMBER(SEARCH("2023",A297)),2023,IF(ISNUMBER(SEARCH("2024",A297)),2024,IF(ISNUMBER(SEARCH("2025",A297)),2025,IF(ISNUMBER(SEARCH("2026",A297)),2026,2022)))))),"") -> 2026 | T297: March
A298: ='yarn master raw '!A298 -> 20th Mar 2026 | B298: ='yarn master raw '!B298 -> Cotton Yarn | C298: ='yarn master raw '!C298 -> Cotton | D298: =IF('yarn master raw '!J298="INR","India","Imported") -> India | E298: ='yarn master raw '!D298 -> KPR | F298: ='yarn master raw '!E298 -> 24's | G298: ='yarn master raw '!F298 -> Semi-Combed | H298: ='yarn master raw '!G298 -> 100% Cotton | I298: ='yarn master raw '!I298 -> 273 | J298: ='yarn master raw '!H298 -> ₹/kg | K298: ='yarn master raw '!J298 -> INR | L298: =_xlfn.XLOOKUP(K298,'usd inr forecast '!$N$2:$N$6,'usd inr forecast '!$O$2:$O$6,1) -> 1 | M298: =IF(J298="₹/kg",I298*L298,IF(J298="₹/Candy",I298*L298/355.62,IF(J298="₹/Bale",I298*L298/170,I298*L298))) -> 273 | N298: ="₹/kg" -> ₹/kg | O298: ='yarn master raw '!K298 -> Ex-Mill + Freight | P298: ='yarn master raw '!L298 -> Yes | Q298: ='yarn master raw '!M298 -> Cotton Yarn Price Trend | R298: ='yarn master raw '!N298 -> Historical Price | S298: =IFERROR(IF(ISNUMBER(A298),YEAR(A298),IF(ISNUMBER(SEARCH("'",A298)),VALUE("20"&MID(A298,SEARCH("'",A298)+1,2)),IF(ISNUMBER(SEARCH("2023",A298)),2023,IF(ISNUMBER(SEARCH("2024",A298)),2024,IF(ISNUMBER(SEARCH("2025",A298)),2025,IF(ISNUMBER(SEARCH("2026",A298)),2026,2022)))))),"") -> 2026 | T298: March
A299: ='yarn master raw '!A299 -> 20th Mar 2026 | B299: ='yarn master raw '!B299 -> Cotton Yarn | C299: ='yarn master raw '!C299 -> Cotton | D299: =IF('yarn master raw '!J299="INR","India","Imported") -> India | E299: ='yarn master raw '!D299 -> KPR | F299: ='yarn master raw '!E299 -> 30's | G299: ='yarn master raw '!F299 -> Semi-Combed | H299: ='yarn master raw '!G299 -> 100% Cotton | I299: ='yarn master raw '!I299 -> 285 | J299: ='yarn master raw '!H299 -> ₹/kg | K299: ='yarn master raw '!J299 -> INR | L299: =_xlfn.XLOOKUP(K299,'usd inr forecast '!$N$2:$N$6,'usd inr forecast '!$O$2:$O$6,1) -> 1 | M299: =IF(J299="₹/kg",I299*L299,IF(J299="₹/Candy",I299*L299/355.62,IF(J299="₹/Bale",I299*L299/170,I299*L299))) -> 285 | N299: ="₹/kg" -> ₹/kg | O299: ='yarn master raw '!K299 -> Ex-Mill + Freight | P299: ='yarn master raw '!L299 -> Yes | Q299: ='yarn master raw '!M299 -> Cotton Yarn Price Trend | R299: ='yarn master raw '!N299 -> Historical Price | S299: =IFERROR(IF(ISNUMBER(A299),YEAR(A299),IF(ISNUMBER(SEARCH("'",A299)),VALUE("20"&MID(A299,SEARCH("'",A299)+1,2)),IF(ISNUMBER(SEARCH("2023",A299)),2023,IF(ISNUMBER(SEARCH("2024",A299)),2024,IF(ISNUMBER(SEARCH("2025",A299)),2025,IF(ISNUMBER(SEARCH("2026",A299)),2026,2022)))))),"") -> 2026 | T299: March
A300: ='yarn master raw '!A300 -> 20th Mar 2026 | B300: ='yarn master raw '!B300 -> Cotton Yarn | C300: ='yarn master raw '!C300 -> Cotton | D300: =IF('yarn master raw '!J300="INR","India","Imported") -> India | E300: ='yarn master raw '!D300 -> KPR | F300: ='yarn master raw '!E300 -> 34's | G300: ='yarn master raw '!F300 -> Semi-Combed | H300: ='yarn master raw '!G300 -> 100% Cotton | I300: ='yarn master raw '!I300 -> 292 | J300: ='yarn master raw '!H300 -> ₹/kg | K300: ='yarn master raw '!J300 -> INR | L300: =_xlfn.XLOOKUP(K300,'usd inr forecast '!$N$2:$N$6,'usd inr forecast '!$O$2:$O$6,1) -> 1 | M300: =IF(J300="₹/kg",I300*L300,IF(J300="₹/Candy",I300*L300/355.62,IF(J300="₹/Bale",I300*L300/170,I300*L300))) -> 292 | N300: ="₹/kg" -> ₹/kg | O300: ='yarn master raw '!K300 -> Ex-Mill + Freight | P300: ='yarn master raw '!L300 -> Yes | Q300: ='yarn master raw '!M300 -> Cotton Yarn Price Trend | R300: ='yarn master raw '!N300 -> Historical Price | S300: =IFERROR(IF(ISNUMBER(A300),YEAR(A300),IF(ISNUMBER(SEARCH("'",A300)),VALUE("20"&MID(A300,SEARCH("'",A300)+1,2)),IF(ISNUMBER(SEARCH("2023",A300)),2023,IF(ISNUMBER(SEARCH("2024",A300)),2024,IF(ISNUMBER(SEARCH("2025",A300)),2025,IF(ISNUMBER(SEARCH("2026",A300)),2026,2022)))))),"") -> 2026 | T300: March
A301: ='yarn master raw '!A301 -> 20th Mar 2026 | B301: ='yarn master raw '!B301 -> Cotton Yarn | C301: ='yarn master raw '!C301 -> Cotton | D301: =IF('yarn master raw '!J301="INR","India","Imported") -> India | E301: ='yarn master raw '!D301 -> KPR | F301: ='yarn master raw '!E301 -> 40's | G301: ='yarn master raw '!F301 -> Semi-Combed | H301: ='yarn master raw '!G301 -> 100% Cotton | I301: ='yarn master raw '!I301 -> 313 | J301: ='yarn master raw '!H301 -> ₹/kg | K301: ='yarn master raw '!J301 -> INR | L301: =_xlfn.XLOOKUP(K301,'usd inr forecast '!$N$2:$N$6,'usd inr forecast '!$O$2:$O$6,1) -> 1 | M301: =IF(J301="₹/kg",I301*L301,IF(J301="₹/Candy",I301*L301/355.62,IF(J301="₹/Bale",I301*L301/170,I301*L301))) -> 313 | N301: ="₹/kg" -> ₹/kg | O301: ='yarn master raw '!K301 -> Ex-Mill + Freight | P301: ='yarn master raw '!L301 -> Yes | Q301: ='yarn master raw '!M301 -> Cotton Yarn Price Trend | R301: ='yarn master raw '!N301 -> Historical Price | S301: =IFERROR(IF(ISNUMBER(A301),YEAR(A301),IF(ISNUMBER(SEARCH("'",A301)),VALUE("20"&MID(A301,SEARCH("'",A301)+1,2)),IF(ISNUMBER(SEARCH("2023",A301)),2023,IF(ISNUMBER(SEARCH("2024",A301)),2024,IF(ISNUMBER(SEARCH("2025",A301)),2025,IF(ISNUMBER(SEARCH("2026",A301)),2026,2022)))))),"") -> 2026 | T301: March
... A319: ='yarn master raw '!A319 -> 24th Apr 2026 | B319: ='yarn master raw '!B319 -> Cotton Yarn | C319: ='yarn master raw '!C319 -> Cotton | D319: =IF('yarn master raw '!J319="INR","India","Imported") -> India | E319: ='yarn master raw '!D319 -> KPR | F319: ='yarn master raw '!E319 -> 40's | G319: ='yarn master raw '!F319 -> Semi-Combed | H319: ='yarn master raw '!G319 -> 100% Cotton | I319: ='yarn master raw '!I319 -> 331 | J319: ='yarn master raw '!H319 -> ₹/kg | K319: ='yarn master raw '!J319 -> INR | L319: =_xlfn.XLOOKUP(K319,'usd inr forecast '!$N$2:$N$6,'usd inr forecast '!$O$2:$O$6,1) -> 1 | M319: =IF(J319="₹/kg",I319*L319,IF(J319="₹/Candy",I319*L319/355.62,IF(J319="₹/Bale",I319*L319/170,I319*L319))) -> 331 | N319: ="₹/kg" -> ₹/kg | O319: ='yarn master raw '!K319 -> Ex-Mill + Freight | P319: ='yarn master raw '!L319 -> Yes | Q319: ='yarn master raw '!M319 -> Cotton Yarn Price Trend | R319: ='yarn master raw '!N319 -> Historical Price | S319: =IFERROR(IF(ISNUMBER(A319),YEAR(A319),IF(ISNUMBER(SEARCH("'",A319)),VALUE("20"&MID(A319,SEARCH("'",A319)+1,2)),IF(ISNUMBER(SEARCH("2023",A319)),2023,IF(ISNUMBER(SEARCH("2024",A319)),2024,IF(ISNUMBER(SEARCH("2025",A319)),2025,IF(ISNUMBER(SEARCH("2026",A319)),2026,2022)))))),"") -> 2026 | T319: April
A320: ='yarn master raw '!A320 -> 11th May 2026 | B320: ='yarn master raw '!B320 -> Cotton Yarn | C320: ='yarn master raw '!C320 -> Cotton | D320: =IF('yarn master raw '!J320="INR","India","Imported") -> India | E320: ='yarn master raw '!D320 -> KPR | F320: ='yarn master raw '!E320 -> 16's | G320: ='yarn master raw '!F320 -> Semi-Combed | H320: ='yarn master raw '!G320 -> 100% Cotton | I320: ='yarn master raw '!I320 -> 292 | J320: ='yarn master raw '!H320 -> ₹/kg | K320: ='yarn master raw '!J320 -> INR | L320: =_xlfn.XLOOKUP(K320,'usd inr forecast '!$N$2:$N$6,'usd inr forecast '!$O$2:$O$6,1) -> 1 | M320: =IF(J320="₹/kg",I320*L320,IF(J320="₹/Candy",I320*L320/355.62,IF(J320="₹/Bale",I320*L320/170,I320*L320))) -> 292 | N320: ="₹/kg" -> ₹/kg | O320: ='yarn master raw '!K320 -> Ex-Mill + Freight | P320: ='yarn master raw '!L320 -> Yes | Q320: ='yarn master raw '!M320 -> Cotton Yarn Price Trend | R320: ='yarn master raw '!N320 -> Historical Price | S320: =IFERROR(IF(ISNUMBER(A320),YEAR(A320),IF(ISNUMBER(SEARCH("'",A320)),VALUE("20"&MID(A320,SEARCH("'",A320)+1,2)),IF(ISNUMBER(SEARCH("2023",A320)),2023,IF(ISNUMBER(SEARCH("2024",A320)),2024,IF(ISNUMBER(SEARCH("2025",A320)),2025,IF(ISNUMBER(SEARCH("2026",A320)),2026,2022)))))),"") -> 2026 | T320: =IFERROR(IF(ISNUMBER(A320),TEXT(A320,"mmmm"),IF(ISNUMBER(SEARCH("Jan",A320)),"January",IF(ISNUMBER(SEARCH("Feb",A320)),"February",IF(ISNUMBER(SEARCH("March",A320)),"March",IF(ISNUMBER(SEARCH("April",A320)),"April",IF(ISNUMBER(SEARCH("May",A320)),"May",IF(ISNUMBER(SEARCH("June",A320)),"June",IF(ISNUMBER(SEARCH("July",A320)),"July",IF(ISNUMBER(SEARCH("Aug",A320)),"August",IF(ISNUMBER(SEARCH("Sep",A320)),"September",IF(ISNUMBER(SEARCH("Oct",A320)),"October",IF(ISNUMBER(SEARCH("Nov",A320)),"November",IF(ISNUMBER(SEARCH("Dec",A320)),"December",""))))))))))))),"") -> May
A321: ='yarn master raw '!A321 -> 11th May 2026 | B321: ='yarn master raw '!B321 -> Cotton Yarn | C321: ='yarn master raw '!C321 -> Cotton | D321: =IF('yarn master raw '!J321="INR","India","Imported") -> India | E321: ='yarn master raw '!D321 -> KPR | F321: ='yarn master raw '!E321 -> 20's | G321: ='yarn master raw '!F321 -> Semi-Combed | H321: ='yarn master raw '!G321 -> 100% Cotton | I321: ='yarn master raw '!I321 -> 292 | J321: ='yarn master raw '!H321 -> ₹/kg | K321: ='yarn master raw '!J321 -> INR | L321: =_xlfn.XLOOKUP(K321,'usd inr forecast '!$N$2:$N$6,'usd inr forecast '!$O$2:$O$6,1) -> 1 | M321: =IF(J321="₹/kg",I321*L321,IF(J321="₹/Candy",I321*L321/355.62,IF(J321="₹/Bale",I321*L321/170,I321*L321))) -> 292 | N321: ="₹/kg" -> ₹/kg | O321: ='yarn master raw '!K321 -> Ex-Mill + Freight | P321: ='yarn master raw '!L321 -> Yes | Q321: ='yarn master raw '!M321 -> Cotton Yarn Price Trend | R321: ='yarn master raw '!N321 -> Historical Price | S321: =IFERROR(IF(ISNUMBER(A321),YEAR(A321),IF(ISNUMBER(SEARCH("'",A321)),VALUE("20"&MID(A321,SEARCH("'",A321)+1,2)),IF(ISNUMBER(SEARCH("2023",A321)),2023,IF(ISNUMBER(SEARCH("2024",A321)),2024,IF(ISNUMBER(SEARCH("2025",A321)),2025,IF(ISNUMBER(SEARCH("2026",A321)),2026,2022)))))),"") -> 2026 | T321: =IFERROR(IF(ISNUMBER(A321),TEXT(A321,"mmmm"),IF(ISNUMBER(SEARCH("Jan",A321)),"January",IF(ISNUMBER(SEARCH("Feb",A321)),"February",IF(ISNUMBER(SEARCH("March",A321)),"March",IF(ISNUMBER(SEARCH("April",A321)),"April",IF(ISNUMBER(SEARCH("May",A321)),"May",IF(ISNUMBER(SEARCH("June",A321)),"June",IF(ISNUMBER(SEARCH("July",A321)),"July",IF(ISNUMBER(SEARCH("Aug",A321)),"August",IF(ISNUMBER(SEARCH("Sep",A321)),"September",IF(ISNUMBER(SEARCH("Oct",A321)),"October",IF(ISNUMBER(SEARCH("Nov",A321)),"November",IF(ISNUMBER(SEARCH("Dec",A321)),"December",""))))))))))))),"") -> May
A322: ='yarn master raw '!A322 -> 11th May 2026 | B322: ='yarn master raw '!B322 -> Cotton Yarn | C322: ='yarn master raw '!C322 -> Cotton | D322: =IF('yarn master raw '!J322="INR","India","Imported") -> India | E322: ='yarn master raw '!D322 -> KPR | F322: ='yarn master raw '!E322 -> 24's | G322: ='yarn master raw '!F322 -> Semi-Combed | H322: ='yarn master raw '!G322 -> 100% Cotton | I322: ='yarn master raw '!I322 -> 301 | J322: ='yarn master raw '!H322 -> ₹/kg | K322: ='yarn master raw '!J322 -> INR | L322: =_xlfn.XLOOKUP(K322,'usd inr forecast '!$N$2:$N$6,'usd inr forecast '!$O$2:$O$6,1) -> 1 | M322: =IF(J322="₹/kg",I322*L322,IF(J322="₹/Candy",I322*L322/355.62,IF(J322="₹/Bale",I322*L322/170,I322*L322))) -> 301 | N322: ="₹/kg" -> ₹/kg | O322: ='yarn master raw '!K322 -> Ex-Mill + Freight | P322: ='yarn master raw '!L322 -> Yes | Q322: ='yarn master raw '!M322 -> Cotton Yarn Price Trend | R322: ='yarn master raw '!N322 -> Historical Price | S322: =IFERROR(IF(ISNUMBER(A322),YEAR(A322),IF(ISNUMBER(SEARCH("'",A322)),VALUE("20"&MID(A322,SEARCH("'",A322)+1,2)),IF(ISNUMBER(SEARCH("2023",A322)),2023,IF(ISNUMBER(SEARCH("2024",A322)),2024,IF(ISNUMBER(SEARCH("2025",A322)),2025,IF(ISNUMBER(SEARCH("2026",A322)),2026,2022)))))),"") -> 2026 | T322: =IFERROR(IF(ISNUMBER(A322),TEXT(A322,"mmmm"),IF(ISNUMBER(SEARCH("Jan",A322)),"January",IF(ISNUMBER(SEARCH("Feb",A322)),"February",IF(ISNUMBER(SEARCH("March",A322)),"March",IF(ISNUMBER(SEARCH("April",A322)),"April",IF(ISNUMBER(SEARCH("May",A322)),"May",IF(ISNUMBER(SEARCH("June",A322)),"June",IF(ISNUMBER(SEARCH("July",A322)),"July",IF(ISNUMBER(SEARCH("Aug",A322)),"August",IF(ISNUMBER(SEARCH("Sep",A322)),"September",IF(ISNUMBER(SEARCH("Oct",A322)),"October",IF(ISNUMBER(SEARCH("Nov",A322)),"November",IF(ISNUMBER(SEARCH("Dec",A322)),"December",""))))))))))))),"") -> May
A323: ='yarn master raw '!A323 -> 11th May 2026 | B323: ='yarn master raw '!B323 -> Cotton Yarn | C323: ='yarn master raw '!C323 -> Cotton | D323: =IF('yarn master raw '!J323="INR","India","Imported") -> India | E323: ='yarn master raw '!D323 -> KPR | F323: ='yarn master raw '!E323 -> 30's | G323: ='yarn master raw '!F323 -> Semi-Combed | H323: ='yarn master raw '!G323 -> 100% Cotton | I323: ='yarn master raw '!I323 -> 313 | J323: ='yarn master raw '!H323 -> ₹/kg | K323: ='yarn master raw '!J323 -> INR | L323: =_xlfn.XLOOKUP(K323,'usd inr forecast '!$N$2:$N$6,'usd inr forecast '!$O$2:$O$6,1) -> 1 | M323: =IF(J323="₹/kg",I323*L323,IF(J323="₹/Candy",I323*L323/355.62,IF(J323="₹/Bale",I323*L323/170,I323*L323))) -> 313 | N323: ="₹/kg" -> ₹/kg | O323: ='yarn master raw '!K323 -> Ex-Mill + Freight | P323: ='yarn master raw '!L323 -> Yes | Q323: ='yarn master raw '!M323 -> Cotton Yarn Price Trend | R323: ='yarn master raw '!N323 -> Historical Price | S323: =IFERROR(IF(ISNUMBER(A323),YEAR(A323),IF(ISNUMBER(SEARCH("'",A323)),VALUE("20"&MID(A323,SEARCH("'",A323)+1,2)),IF(ISNUMBER(SEARCH("2023",A323)),2023,IF(ISNUMBER(SEARCH("2024",A323)),2024,IF(ISNUMBER(SEARCH("2025",A323)),2025,IF(ISNUMBER(SEARCH("2026",A323)),2026,2022)))))),"") -> 2026 | T323: =IFERROR(IF(ISNUMBER(A323),TEXT(A323,"mmmm"),IF(ISNUMBER(SEARCH("Jan",A323)),"January",IF(ISNUMBER(SEARCH("Feb",A323)),"February",IF(ISNUMBER(SEARCH("March",A323)),"March",IF(ISNUMBER(SEARCH("April",A323)),"April",IF(ISNUMBER(SEARCH("May",A323)),"May",IF(ISNUMBER(SEARCH("June",A323)),"June",IF(ISNUMBER(SEARCH("July",A323)),"July",IF(ISNUMBER(SEARCH("Aug",A323)),"August",IF(ISNUMBER(SEARCH("Sep",A323)),"September",IF(ISNUMBER(SEARCH("Oct",A323)),"October",IF(ISNUMBER(SEARCH("Nov",A323)),"November",IF(ISNUMBER(SEARCH("Dec",A323)),"December",""))))))))))))),"") -> May
A324: ='yarn master raw '!A324 -> 11th May 2026 | B324: ='yarn master raw '!B324 -> Cotton Yarn | C324: ='yarn master raw '!C324 -> Cotton | D324: =IF('yarn master raw '!J324="INR","India","Imported") -> India | E324: ='yarn master raw '!D324 -> KPR | F324: ='yarn master raw '!E324 -> 34's | G324: ='yarn master raw '!F324 -> Semi-Combed | H324: ='yarn master raw '!G324 -> 100% Cotton | I324: ='yarn master raw '!I324 -> 320 | J324: ='yarn master raw '!H324 -> ₹/kg | K324: ='yarn master raw '!J324 -> INR | L324: =_xlfn.XLOOKUP(K324,'usd inr forecast '!$N$2:$N$6,'usd inr forecast '!$O$2:$O$6,1) -> 1 | M324: =IF(J324="₹/kg",I324*L324,IF(J324="₹/Candy",I324*L324/355.62,IF(J324="₹/Bale",I324*L324/170,I324*L324))) -> 320 | N324: ="₹/kg" -> ₹/kg | O324: ='yarn master raw '!K324 -> Ex-Mill + Freight | P324: ='yarn master raw '!L324 -> Yes | Q324: ='yarn master raw '!M324 -> Cotton Yarn Price Trend | R324: ='yarn master raw '!N324 -> Historical Price | S324: =IFERROR(IF(ISNUMBER(A324),YEAR(A324),IF(ISNUMBER(SEARCH("'",A324)),VALUE("20"&MID(A324,SEARCH("'",A324)+1,2)),IF(ISNUMBER(SEARCH("2023",A324)),2023,IF(ISNUMBER(SEARCH("2024",A324)),2024,IF(ISNUMBER(SEARCH("2025",A324)),2025,IF(ISNUMBER(SEARCH("2026",A324)),2026,2022)))))),"") -> 2026 | T324: =IFERROR(IF(ISNUMBER(A324),TEXT(A324,"mmmm"),IF(ISNUMBER(SEARCH("Jan",A324)),"January",IF(ISNUMBER(SEARCH("Feb",A324)),"February",IF(ISNUMBER(SEARCH("March",A324)),"March",IF(ISNUMBER(SEARCH("April",A324)),"April",IF(ISNUMBER(SEARCH("May",A324)),"May",IF(ISNUMBER(SEARCH("June",A324)),"June",IF(ISNUMBER(SEARCH("July",A324)),"July",IF(ISNUMBER(SEARCH("Aug",A324)),"August",IF(ISNUMBER(SEARCH("Sep",A324)),"September",IF(ISNUMBER(SEARCH("Oct",A324)),"October",IF(ISNUMBER(SEARCH("Nov",A324)),"November",IF(ISNUMBER(SEARCH("Dec",A324)),"December",""))))))))))))),"") -> May
A325: ='yarn master raw '!A325 -> 11th May 2026 | B325: ='yarn master raw '!B325 -> Cotton Yarn | C325: ='yarn master raw '!C325 -> Cotton | D325: =IF('yarn master raw '!J325="INR","India","Imported") -> India | E325: ='yarn master raw '!D325 -> KPR | F325: ='yarn master raw '!E325 -> 40's | G325: ='yarn master raw '!F325 -> Semi-Combed | H325: ='yarn master raw '!G325 -> 100% Cotton | I325: ='yarn master raw '!I325 -> 341 | J325: ='yarn master raw '!H325 -> ₹/kg | K325: ='yarn master raw '!J325 -> INR | L325: =_xlfn.XLOOKUP(K325,'usd inr forecast '!$N$2:$N$6,'usd inr forecast '!$O$2:$O$6,1) -> 1 | M325: =IF(J325="₹/kg",I325*L325,IF(J325="₹/Candy",I325*L325/355.62,IF(J325="₹/Bale",I325*L325/170,I325*L325))) -> 341 | N325: ="₹/kg" -> ₹/kg | O325: ='yarn master raw '!K325 -> Ex-Mill + Freight | P325: ='yarn master raw '!L325 -> Yes | Q325: ='yarn master raw '!M325 -> Cotton Yarn Price Trend | R325: ='yarn master raw '!N325 -> Historical Price | S325: =IFERROR(IF(ISNUMBER(A325),YEAR(A325),IF(ISNUMBER(SEARCH("'",A325)),VALUE("20"&MID(A325,SEARCH("'",A325)+1,2)),IF(ISNUMBER(SEARCH("2023",A325)),2023,IF(ISNUMBER(SEARCH("2024",A325)),2024,IF(ISNUMBER(SEARCH("2025",A325)),2025,IF(ISNUMBER(SEARCH("2026",A325)),2026,2022)))))),"") -> 2026 | T325: =IFERROR(IF(ISNUMBER(A325),TEXT(A325,"mmmm"),IF(ISNUMBER(SEARCH("Jan",A325)),"January",IF(ISNUMBER(SEARCH("Feb",A325)),"February",IF(ISNUMBER(SEARCH("March",A325)),"March",IF(ISNUMBER(SEARCH("April",A325)),"April",IF(ISNUMBER(SEARCH("May",A325)),"May",IF(ISNUMBER(SEARCH("June",A325)),"June",IF(ISNUMBER(SEARCH("July",A325)),"July",IF(ISNUMBER(SEARCH("Aug",A325)),"August",IF(ISNUMBER(SEARCH("Sep",A325)),"September",IF(ISNUMBER(SEARCH("Oct",A325)),"October",IF(ISNUMBER(SEARCH("Nov",A325)),"November",IF(ISNUMBER(SEARCH("Dec",A325)),"December",""))))))))))))),"") -> May
A326: ='yarn master raw '!A326 -> 18th May 2026 | B326: ='yarn master raw '!B326 -> Cotton Yarn | C326: ='yarn master raw '!C326 -> Cotton | D326: =IF('yarn master raw '!J326="INR","India","Imported") -> India | E326: ='yarn master raw '!D326 -> KPR | F326: ='yarn master raw '!E326 -> 16's | G326: ='yarn master raw '!F326 -> Semi-Combed | H326: ='yarn master raw '!G326 -> 100% Cotton | I326: ='yarn master raw '!I326 -> 319 | J326: ='yarn master raw '!H326 -> ₹/kg | K326: ='yarn master raw '!J326 -> INR | L326: =_xlfn.XLOOKUP(K326,'usd inr forecast '!$N$2:$N$6,'usd inr forecast '!$O$2:$O$6,1) -> 1 | M326: =IF(J326="₹/kg",I326*L326,IF(J326="₹/Candy",I326*L326/355.62,IF(J326="₹/Bale",I326*L326/170,I326*L326))) -> 319 | N326: ="₹/kg" -> ₹/kg | O326: ='yarn master raw '!K326 -> Ex-Mill + Freight | P326: ='yarn master raw '!L326 -> Yes | Q326: ='yarn master raw '!M326 -> Cotton Yarn Price Trend | R326: ='yarn master raw '!N326 -> Historical Price | S326: =IFERROR(IF(ISNUMBER(A326),YEAR(A326),IF(ISNUMBER(SEARCH("'",A326)),VALUE("20"&MID(A326,SEARCH("'",A326)+1,2)),IF(ISNUMBER(SEARCH("2023",A326)),2023,IF(ISNUMBER(SEARCH("2024",A326)),2024,IF(ISNUMBER(SEARCH("2025",A326)),2025,IF(ISNUMBER(SEARCH("2026",A326)),2026,2022)))))),"") -> 2026 | T326: =IFERROR(IF(ISNUMBER(A326),TEXT(A326,"mmmm"),IF(ISNUMBER(SEARCH("Jan",A326)),"January",IF(ISNUMBER(SEARCH("Feb",A326)),"February",IF(ISNUMBER(SEARCH("March",A326)),"March",IF(ISNUMBER(SEARCH("April",A326)),"April",IF(ISNUMBER(SEARCH("May",A326)),"May",IF(ISNUMBER(SEARCH("June",A326)),"June",IF(ISNUMBER(SEARCH("July",A326)),"July",IF(ISNUMBER(SEARCH("Aug",A326)),"August",IF(ISNUMBER(SEARCH("Sep",A326)),"September",IF(ISNUMBER(SEARCH("Oct",A326)),"October",IF(ISNUMBER(SEARCH("Nov",A326)),"November",IF(ISNUMBER(SEARCH("Dec",A326)),"December",""))))))))))))),"") -> May
A327: ='yarn master raw '!A327 -> 18th May 2026 | B327: ='yarn master raw '!B327 -> Cotton Yarn | C327: ='yarn master raw '!C327 -> Cotton | D327: =IF('yarn master raw '!J327="INR","India","Imported") -> India | E327: ='yarn master raw '!D327 -> KPR | F327: ='yarn master raw '!E327 -> 20's | G327: ='yarn master raw '!F327 -> Semi-Combed | H327: ='yarn master raw '!G327 -> 100% Cotton | I327: ='yarn master raw '!I327 -> 319 | J327: ='yarn master raw '!H327 -> ₹/kg | K327: ='yarn master raw '!J327 -> INR | L327: =_xlfn.XLOOKUP(K327,'usd inr forecast '!$N$2:$N$6,'usd inr forecast '!$O$2:$O$6,1) -> 1 | M327: =IF(J327="₹/kg",I327*L327,IF(J327="₹/Candy",I327*L327/355.62,IF(J327="₹/Bale",I327*L327/170,I327*L327))) -> 319 | N327: ="₹/kg" -> ₹/kg | O327: ='yarn master raw '!K327 -> Ex-Mill + Freight | P327: ='yarn master raw '!L327 -> Yes | Q327: ='yarn master raw '!M327 -> Cotton Yarn Price Trend | R327: ='yarn master raw '!N327 -> Historical Price | S327: =IFERROR(IF(ISNUMBER(A327),YEAR(A327),IF(ISNUMBER(SEARCH("'",A327)),VALUE("20"&MID(A327,SEARCH("'",A327)+1,2)),IF(ISNUMBER(SEARCH("2023",A327)),2023,IF(ISNUMBER(SEARCH("2024",A327)),2024,IF(ISNUMBER(SEARCH("2025",A327)),2025,IF(ISNUMBER(SEARCH("2026",A327)),2026,2022)))))),"") -> 2026 | T327: =IFERROR(IF(ISNUMBER(A327),TEXT(A327,"mmmm"),IF(ISNUMBER(SEARCH("Jan",A327)),"January",IF(ISNUMBER(SEARCH("Feb",A327)),"February",IF(ISNUMBER(SEARCH("March",A327)),"March",IF(ISNUMBER(SEARCH("April",A327)),"April",IF(ISNUMBER(SEARCH("May",A327)),"May",IF(ISNUMBER(SEARCH("June",A327)),"June",IF(ISNUMBER(SEARCH("July",A327)),"July",IF(ISNUMBER(SEARCH("Aug",A327)),"August",IF(ISNUMBER(SEARCH("Sep",A327)),"September",IF(ISNUMBER(SEARCH("Oct",A327)),"October",IF(ISNUMBER(SEARCH("Nov",A327)),"November",IF(ISNUMBER(SEARCH("Dec",A327)),"December",""))))))))))))),"") -> May
A328: ='yarn master raw '!A328 -> 18th May 2026 | B328: ='yarn master raw '!B328 -> Cotton Yarn | C328: ='yarn master raw '!C328 -> Cotton | D328: =IF('yarn master raw '!J328="INR","India","Imported") -> India | E328: ='yarn master raw '!D328 -> KPR | F328: ='yarn master raw '!E328 -> 24's | G328: ='yarn master raw '!F328 -> Semi-Combed | H328: ='yarn master raw '!G328 -> 100% Cotton | I328: ='yarn master raw '!I328 -> 328 | J328: ='yarn master raw '!H328 -> ₹/kg | K328: ='yarn master raw '!J328 -> INR | L328: =_xlfn.XLOOKUP(K328,'usd inr forecast '!$N$2:$N$6,'usd inr forecast '!$O$2:$O$6,1) -> 1 | M328: =IF(J328="₹/kg",I328*L328,IF(J328="₹/Candy",I328*L328/355.62,IF(J328="₹/Bale",I328*L328/170,I328*L328))) -> 328 | N328: ="₹/kg" -> ₹/kg | O328: ='yarn master raw '!K328 -> Ex-Mill + Freight | P328: ='yarn master raw '!L328 -> Yes | Q328: ='yarn master raw '!M328 -> Cotton Yarn Price Trend | R328: ='yarn master raw '!N328 -> Historical Price | S328: =IFERROR(IF(ISNUMBER(A328),YEAR(A328),IF(ISNUMBER(SEARCH("'",A328)),VALUE("20"&MID(A328,SEARCH("'",A328)+1,2)),IF(ISNUMBER(SEARCH("2023",A328)),2023,IF(ISNUMBER(SEARCH("2024",A328)),2024,IF(ISNUMBER(SEARCH("2025",A328)),2025,IF(ISNUMBER(SEARCH("2026",A328)),2026,2022)))))),"") -> 2026 | T328: =IFERROR(IF(ISNUMBER(A328),TEXT(A328,"mmmm"),IF(ISNUMBER(SEARCH("Jan",A328)),"January",IF(ISNUMBER(SEARCH("Feb",A328)),"February",IF(ISNUMBER(SEARCH("March",A328)),"March",IF(ISNUMBER(SEARCH("April",A328)),"April",IF(ISNUMBER(SEARCH("May",A328)),"May",IF(ISNUMBER(SEARCH("June",A328)),"June",IF(ISNUMBER(SEARCH("July",A328)),"July",IF(ISNUMBER(SEARCH("Aug",A328)),"August",IF(ISNUMBER(SEARCH("Sep",A328)),"September",IF(ISNUMBER(SEARCH("Oct",A328)),"October",IF(ISNUMBER(SEARCH("Nov",A328)),"November",IF(ISNUMBER(SEARCH("Dec",A328)),"December",""))))))))))))),"") -> May
A329: ='yarn master raw '!A329 -> 18th May 2026 | B329: ='yarn master raw '!B329 -> Cotton Yarn | C329: ='yarn master raw '!C329 -> Cotton | D329: =IF('yarn master raw '!J329="INR","India","Imported") -> India | E329: ='yarn master raw '!D329 -> KPR | F329: ='yarn master raw '!E329 -> 30's | G329: ='yarn master raw '!F329 -> Semi-Combed | H329: ='yarn master raw '!G329 -> 100% Cotton | I329: ='yarn master raw '!I329 -> 340 | J329: ='yarn master raw '!H329 -> ₹/kg | K329: ='yarn master raw '!J329 -> INR | L329: =_xlfn.XLOOKUP(K329,'usd inr forecast '!$N$2:$N$6,'usd inr forecast '!$O$2:$O$6,1) -> 1 | M329: =IF(J329="₹/kg",I329*L329,IF(J329="₹/Candy",I329*L329/355.62,IF(J329="₹/Bale",I329*L329/170,I329*L329))) -> 340 | N329: ="₹/kg" -> ₹/kg | O329: ='yarn master raw '!K329 -> Ex-Mill + Freight | P329: ='yarn master raw '!L329 -> Yes | Q329: ='yarn master raw '!M329 -> Cotton Yarn Price Trend | R329: ='yarn master raw '!N329 -> Historical Price | S329: =IFERROR(IF(ISNUMBER(A329),YEAR(A329),IF(ISNUMBER(SEARCH("'",A329)),VALUE("20"&MID(A329,SEARCH("'",A329)+1,2)),IF(ISNUMBER(SEARCH("2023",A329)),2023,IF(ISNUMBER(SEARCH("2024",A329)),2024,IF(ISNUMBER(SEARCH("2025",A329)),2025,IF(ISNUMBER(SEARCH("2026",A329)),2026,2022)))))),"") -> 2026 | T329: =IFERROR(IF(ISNUMBER(A329),TEXT(A329,"mmmm"),IF(ISNUMBER(SEARCH("Jan",A329)),"January",IF(ISNUMBER(SEARCH("Feb",A329)),"February",IF(ISNUMBER(SEARCH("March",A329)),"March",IF(ISNUMBER(SEARCH("April",A329)),"April",IF(ISNUMBER(SEARCH("May",A329)),"May",IF(ISNUMBER(SEARCH("June",A329)),"June",IF(ISNUMBER(SEARCH("July",A329)),"July",IF(ISNUMBER(SEARCH("Aug",A329)),"August",IF(ISNUMBER(SEARCH("Sep",A329)),"September",IF(ISNUMBER(SEARCH("Oct",A329)),"October",IF(ISNUMBER(SEARCH("Nov",A329)),"November",IF(ISNUMBER(SEARCH("Dec",A329)),"December",""))))))))))))),"") -> May
A330: ='yarn master raw '!A330 -> 18th May 2026 | B330: ='yarn master raw '!B330 -> Cotton Yarn | C330: ='yarn master raw '!C330 -> Cotton | D330: =IF('yarn master raw '!J330="INR","India","Imported") -> India | E330: ='yarn master raw '!D330 -> KPR | F330: ='yarn master raw '!E330 -> 34's | G330: ='yarn master raw '!F330 -> Semi-Combed | H330: ='yarn master raw '!G330 -> 100% Cotton | I330: ='yarn master raw '!I330 -> 347 | J330: ='yarn master raw '!H330 -> ₹/kg | K330: ='yarn master raw '!J330 -> INR | L330: =_xlfn.XLOOKUP(K330,'usd inr forecast '!$N$2:$N$6,'usd inr forecast '!$O$2:$O$6,1) -> 1 | M330: =IF(J330="₹/kg",I330*L330,IF(J330="₹/Candy",I330*L330/355.62,IF(J330="₹/Bale",I330*L330/170,I330*L330))) -> 347 | N330: ="₹/kg" -> ₹/kg | O330: ='yarn master raw '!K330 -> Ex-Mill + Freight | P330: ='yarn master raw '!L330 -> Yes | Q330: ='yarn master raw '!M330 -> Cotton Yarn Price Trend | R330: ='yarn master raw '!N330 -> Historical Price | S330: =IFERROR(IF(ISNUMBER(A330),YEAR(A330),IF(ISNUMBER(SEARCH("'",A330)),VALUE("20"&MID(A330,SEARCH("'",A330)+1,2)),IF(ISNUMBER(SEARCH("2023",A330)),2023,IF(ISNUMBER(SEARCH("2024",A330)),2024,IF(ISNUMBER(SEARCH("2025",A330)),2025,IF(ISNUMBER(SEARCH("2026",A330)),2026,2022)))))),"") -> 2026 | T330: =IFERROR(IF(ISNUMBER(A330),TEXT(A330,"mmmm"),IF(ISNUMBER(SEARCH("Jan",A330)),"January",IF(ISNUMBER(SEARCH("Feb",A330)),"February",IF(ISNUMBER(SEARCH("March",A330)),"March",IF(ISNUMBER(SEARCH("April",A330)),"April",IF(ISNUMBER(SEARCH("May",A330)),"May",IF(ISNUMBER(SEARCH("June",A330)),"June",IF(ISNUMBER(SEARCH("July",A330)),"July",IF(ISNUMBER(SEARCH("Aug",A330)),"August",IF(ISNUMBER(SEARCH("Sep",A330)),"September",IF(ISNUMBER(SEARCH("Oct",A330)),"October",IF(ISNUMBER(SEARCH("Nov",A330)),"November",IF(ISNUMBER(SEARCH("Dec",A330)),"December",""))))))))))))),"") -> May
A331: ='yarn master raw '!A331 -> 18th May 2026 | B331: ='yarn master raw '!B331 -> Cotton Yarn | C331: ='yarn master raw '!C331 -> Cotton | D331: =IF('yarn master raw '!J331="INR","India","Imported") -> India | E331: ='yarn master raw '!D331 -> KPR | F331: ='yarn master raw '!E331 -> 40's | G331: ='yarn master raw '!F331 -> Semi-Combed | H331: ='yarn master raw '!G331 -> 100% Cotton | I331: ='yarn master raw '!I331 -> 368 | J331: ='yarn master raw '!H331 -> ₹/kg | K331: ='yarn master raw '!J331 -> INR | L331: =_xlfn.XLOOKUP(K331,'usd inr forecast '!$N$2:$N$6,'usd inr forecast '!$O$2:$O$6,1) -> 1 | M331: =IF(J331="₹/kg",I331*L331,IF(J331="₹/Candy",I331*L331/355.62,IF(J331="₹/Bale",I331*L331/170,I331*L331))) -> 368 | N331: ="₹/kg" -> ₹/kg | O331: ='yarn master raw '!K331 -> Ex-Mill + Freight | P331: ='yarn master raw '!L331 -> Yes | Q331: ='yarn master raw '!M331 -> Cotton Yarn Price Trend | R331: ='yarn master raw '!N331 -> Historical Price | S331: =IFERROR(IF(ISNUMBER(A331),YEAR(A331),IF(ISNUMBER(SEARCH("'",A331)),VALUE("20"&MID(A331,SEARCH("'",A331)+1,2)),IF(ISNUMBER(SEARCH("2023",A331)),2023,IF(ISNUMBER(SEARCH("2024",A331)),2024,IF(ISNUMBER(SEARCH("2025",A331)),2025,IF(ISNUMBER(SEARCH("2026",A331)),2026,2022)))))),"") -> 2026 | T331: =IFERROR(IF(ISNUMBER(A331),TEXT(A331,"mmmm"),IF(ISNUMBER(SEARCH("Jan",A331)),"January",IF(ISNUMBER(SEARCH("Feb",A331)),"February",IF(ISNUMBER(SEARCH("March",A331)),"March",IF(ISNUMBER(SEARCH("April",A331)),"April",IF(ISNUMBER(SEARCH("May",A331)),"May",IF(ISNUMBER(SEARCH("June",A331)),"June",IF(ISNUMBER(SEARCH("July",A331)),"July",IF(ISNUMBER(SEARCH("Aug",A331)),"August",IF(ISNUMBER(SEARCH("Sep",A331)),"September",IF(ISNUMBER(SEARCH("Oct",A331)),"October",IF(ISNUMBER(SEARCH("Nov",A331)),"November",IF(ISNUMBER(SEARCH("Dec",A331)),"December",""))))))))))))),"") -> May
A332: ='yarn master raw '!A332 -> 29th May 2026 | B332: ='yarn master raw '!B332 -> Cotton Yarn | C332: ='yarn master raw '!C332 -> Cotton | D332: =IF('yarn master raw '!J332="INR","India","Imported") -> India | E332: ='yarn master raw '!D332 -> KPR | F332: ='yarn master raw '!E332 -> 16's | G332: ='yarn master raw '!F332 -> Semi-Combed | H332: ='yarn master raw '!G332 -> 100% Cotton | I332: ='yarn master raw '!I332 -> Awaited | J332: ='yarn master raw '!H332 -> ₹/kg | K332: ='yarn master raw '!J332 -> INR | L332: =_xlfn.XLOOKUP(K332,'usd inr forecast '!$N$2:$N$6,'usd inr forecast '!$O$2:$O$6,1) -> 1 | M332: =IF(J332="₹/kg",I332*L332,IF(J332="₹/Candy",I332*L332/355.62,IF(J332="₹/Bale",I332*L332/170,I332*L332))) -> #VALUE! | N332: ="₹/kg" -> ₹/kg | O332: ='yarn master raw '!K332 -> Ex-Mill + Freight | P332: ='yarn master raw '!L332 -> Yes | Q332: ='yarn master raw '!M332 -> Cotton Yarn Price Trend | R332: ='yarn master raw '!N332 -> Historical Price | S332: =IFERROR(IF(ISNUMBER(A332),YEAR(A332),IF(ISNUMBER(SEARCH("'",A332)),VALUE("20"&MID(A332,SEARCH("'",A332)+1,2)),IF(ISNUMBER(SEARCH("2023",A332)),2023,IF(ISNUMBER(SEARCH("2024",A332)),2024,IF(ISNUMBER(SEARCH("2025",A332)),2025,IF(ISNUMBER(SEARCH("2026",A332)),2026,2022)))))),"") -> 2026 | T332: =IFERROR(IF(ISNUMBER(A332),TEXT(A332,"mmmm"),IF(ISNUMBER(SEARCH("Jan",A332)),"January",IF(ISNUMBER(SEARCH("Feb",A332)),"February",IF(ISNUMBER(SEARCH("March",A332)),"March",IF(ISNUMBER(SEARCH("April",A332)),"April",IF(ISNUMBER(SEARCH("May",A332)),"May",IF(ISNUMBER(SEARCH("June",A332)),"June",IF(ISNUMBER(SEARCH("July",A332)),"July",IF(ISNUMBER(SEARCH("Aug",A332)),"August",IF(ISNUMBER(SEARCH("Sep",A332)),"September",IF(ISNUMBER(SEARCH("Oct",A332)),"October",IF(ISNUMBER(SEARCH("Nov",A332)),"November",IF(ISNUMBER(SEARCH("Dec",A332)),"December",""))))))))))))),"") -> May
A333: ='yarn master raw '!A333 -> 10th Jun 2026 | B333: ='yarn master raw '!B333 -> Cotton Yarn | C333: ='yarn master raw '!C333 -> Cotton | D333: =IF('yarn master raw '!J333="INR","India","Imported") -> India | E333: ='yarn master raw '!D333 -> KPR | F333: ='yarn master raw '!E333 -> 16's | G333: ='yarn master raw '!F333 -> Semi-Combed | H333: ='yarn master raw '!G333 -> 100% Cotton | I333: ='yarn master raw '!I333 -> 319 | J333: ='yarn master raw '!H333 -> ₹/kg | K333: ='yarn master raw '!J333 -> INR | L333: =_xlfn.XLOOKUP(K333,'usd inr forecast '!$N$2:$N$6,'usd inr forecast '!$O$2:$O$6,1) -> 1 | M333: =IF(J333="₹/kg",I333*L333,IF(J333="₹/Candy",I333*L333/355.62,IF(J333="₹/Bale",I333*L333/170,I333*L333))) -> 319 | N333: ="₹/kg" -> ₹/kg | O333: ='yarn master raw '!K333 -> Ex-Mill + Freight | P333: ='yarn master raw '!L333 -> Yes | Q333: ='yarn master raw '!M333 -> Cotton Yarn Price Trend | R333: ='yarn master raw '!N333 -> Historical Price | S333: =IFERROR(IF(ISNUMBER(A333),YEAR(A333),IF(ISNUMBER(SEARCH("'",A333)),VALUE("20"&MID(A333,SEARCH("'",A333)+1,2)),IF(ISNUMBER(SEARCH("2023",A333)),2023,IF(ISNUMBER(SEARCH("2024",A333)),2024,IF(ISNUMBER(SEARCH("2025",A333)),2025,IF(ISNUMBER(SEARCH("2026",A333)),2026,2022)))))),"") -> 2026 | T333: June
A334: ='yarn master raw '!A334 -> 10th Jun 2026 | B334: ='yarn master raw '!B334 -> Cotton Yarn | C334: ='yarn master raw '!C334 -> Cotton | D334: =IF('yarn master raw '!J334="INR","India","Imported") -> India | E334: ='yarn master raw '!D334 -> KPR | F334: ='yarn master raw '!E334 -> 20's | G334: ='yarn master raw '!F334 -> Semi-Combed | H334: ='yarn master raw '!G334 -> 100% Cotton | I334: ='yarn master raw '!I334 -> 319 | J334: ='yarn master raw '!H334 -> ₹/kg | K334: ='yarn master raw '!J334 -> INR | L334: =_xlfn.XLOOKUP(K334,'usd inr forecast '!$N$2:$N$6,'usd inr forecast '!$O$2:$O$6,1) -> 1 | M334: =IF(J334="₹/kg",I334*L334,IF(J334="₹/Candy",I334*L334/355.62,IF(J334="₹/Bale",I334*L334/170,I334*L334))) -> 319 | N334: ="₹/kg" -> ₹/kg | O334: ='yarn master raw '!K334 -> Ex-Mill + Freight | P334: ='yarn master raw '!L334 -> Yes | Q334: ='yarn master raw '!M334 -> Cotton Yarn Price Trend | R334: ='yarn master raw '!N334 -> Historical Price | S334: =IFERROR(IF(ISNUMBER(A334),YEAR(A334),IF(ISNUMBER(SEARCH("'",A334)),VALUE("20"&MID(A334,SEARCH("'",A334)+1,2)),IF(ISNUMBER(SEARCH("2023",A334)),2023,IF(ISNUMBER(SEARCH("2024",A334)),2024,IF(ISNUMBER(SEARCH("2025",A334)),2025,IF(ISNUMBER(SEARCH("2026",A334)),2026,2022)))))),"") -> 2026 | T334: June
A335: ='yarn master raw '!A335 -> 10th Jun 2026 | B335: ='yarn master raw '!B335 -> Cotton Yarn | C335: ='yarn master raw '!C335 -> Cotton | D335: =IF('yarn master raw '!J335="INR","India","Imported") -> India | E335: ='yarn master raw '!D335 -> KPR | F335: ='yarn master raw '!E335 -> 24's | G335: ='yarn master raw '!F335 -> Semi-Combed | H335: ='yarn master raw '!G335 -> 100% Cotton | I335: ='yarn master raw '!I335 -> 328 | J335: ='yarn master raw '!H335 -> ₹/kg | K335: ='yarn master raw '!J335 -> INR | L335: =_xlfn.XLOOKUP(K335,'usd inr forecast '!$N$2:$N$6,'usd inr forecast '!$O$2:$O$6,1) -> 1 | M335: =IF(J335="₹/kg",I335*L335,IF(J335="₹/Candy",I335*L335/355.62,IF(J335="₹/Bale",I335*L335/170,I335*L335))) -> 328 | N335: ="₹/kg" -> ₹/kg | O335: ='yarn master raw '!K335 -> Ex-Mill + Freight | P335: ='yarn master raw '!L335 -> Yes | Q335: ='yarn master raw '!M335 -> Cotton Yarn Price Trend | R335: ='yarn master raw '!N335 -> Historical Price | S335: =IFERROR(IF(ISNUMBER(A335),YEAR(A335),IF(ISNUMBER(SEARCH("'",A335)),VALUE("20"&MID(A335,SEARCH("'",A335)+1,2)),IF(ISNUMBER(SEARCH("2023",A335)),2023,IF(ISNUMBER(SEARCH("2024",A335)),2024,IF(ISNUMBER(SEARCH("2025",A335)),2025,IF(ISNUMBER(SEARCH("2026",A335)),2026,2022)))))),"") -> 2026 | T335: June
A336: ='yarn master raw '!A336 -> 10th Jun 2026 | B336: ='yarn master raw '!B336 -> Cotton Yarn | C336: ='yarn master raw '!C336 -> Cotton | D336: =IF('yarn master raw '!J336="INR","India","Imported") -> India | E336: ='yarn master raw '!D336 -> KPR | F336: ='yarn master raw '!E336 -> 30's | G336: ='yarn master raw '!F336 -> Semi-Combed | H336: ='yarn master raw '!G336 -> 100% Cotton | I336: ='yarn master raw '!I336 -> 340 | J336: ='yarn master raw '!H336 -> ₹/kg | K336: ='yarn master raw '!J336 -> INR | L336: =_xlfn.XLOOKUP(K336,'usd inr forecast '!$N$2:$N$6,'usd inr forecast '!$O$2:$O$6,1) -> 1 | M336: =IF(J336="₹/kg",I336*L336,IF(J336="₹/Candy",I336*L336/355.62,IF(J336="₹/Bale",I336*L336/170,I336*L336))) -> 340 | N336: ="₹/kg" -> ₹/kg | O336: ='yarn master raw '!K336 -> Ex-Mill + Freight | P336: ='yarn master raw '!L336 -> Yes | Q336: ='yarn master raw '!M336 -> Cotton Yarn Price Trend | R336: ='yarn master raw '!N336 -> Historical Price | S336: =IFERROR(IF(ISNUMBER(A336),YEAR(A336),IF(ISNUMBER(SEARCH("'",A336)),VALUE("20"&MID(A336,SEARCH("'",A336)+1,2)),IF(ISNUMBER(SEARCH("2023",A336)),2023,IF(ISNUMBER(SEARCH("2024",A336)),2024,IF(ISNUMBER(SEARCH("2025",A336)),2025,IF(ISNUMBER(SEARCH("2026",A336)),2026,2022)))))),"") -> 2026 | T336: June
A337: ='yarn master raw '!A337 -> 10th Jun 2026 | B337: ='yarn master raw '!B337 -> Cotton Yarn | C337: ='yarn master raw '!C337 -> Cotton | D337: =IF('yarn master raw '!J337="INR","India","Imported") -> India | E337: ='yarn master raw '!D337 -> KPR | F337: ='yarn master raw '!E337 -> 34's | G337: ='yarn master raw '!F337 -> Semi-Combed | H337: ='yarn master raw '!G337 -> 100% Cotton | I337: ='yarn master raw '!I337 -> 347 | J337: ='yarn master raw '!H337 -> ₹/kg | K337: ='yarn master raw '!J337 -> INR | L337: =_xlfn.XLOOKUP(K337,'usd inr forecast '!$N$2:$N$6,'usd inr forecast '!$O$2:$O$6,1) -> 1 | M337: =IF(J337="₹/kg",I337*L337,IF(J337="₹/Candy",I337*L337/355.62,IF(J337="₹/Bale",I337*L337/170,I337*L337))) -> 347 | N337: ="₹/kg" -> ₹/kg | O337: ='yarn master raw '!K337 -> Ex-Mill + Freight | P337: ='yarn master raw '!L337 -> Yes | Q337: ='yarn master raw '!M337 -> Cotton Yarn Price Trend | R337: ='yarn master raw '!N337 -> Historical Price | S337: =IFERROR(IF(ISNUMBER(A337),YEAR(A337),IF(ISNUMBER(SEARCH("'",A337)),VALUE("20"&MID(A337,SEARCH("'",A337)+1,2)),IF(ISNUMBER(SEARCH("2023",A337)),2023,IF(ISNUMBER(SEARCH("2024",A337)),2024,IF(ISNUMBER(SEARCH("2025",A337)),2025,IF(ISNUMBER(SEARCH("2026",A337)),2026,2022)))))),"") -> 2026 | T337: June
A338: ='yarn master raw '!A338 -> 10th Jun 2026 | B338: ='yarn master raw '!B338 -> Cotton Yarn | C338: ='yarn master raw '!C338 -> Cotton | D338: =IF('yarn master raw '!J338="INR","India","Imported") -> India | E338: ='yarn master raw '!D338 -> KPR | F338: ='yarn master raw '!E338 -> 40's | G338: ='yarn master raw '!F338 -> Semi-Combed | H338: ='yarn master raw '!G338 -> 100% Cotton | I338: ='yarn master raw '!I338 -> 368 | J338: ='yarn master raw '!H338 -> ₹/kg | K338: ='yarn master raw '!J338 -> INR | L338: =_xlfn.XLOOKUP(K338,'usd inr forecast '!$N$2:$N$6,'usd inr forecast '!$O$2:$O$6,1) -> 1 | M338: =IF(J338="₹/kg",I338*L338,IF(J338="₹/Candy",I338*L338/355.62,IF(J338="₹/Bale",I338*L338/170,I338*L338))) -> 368 | N338: ="₹/kg" -> ₹/kg | O338: ='yarn master raw '!K338 -> Ex-Mill + Freight | P338: ='yarn master raw '!L338 -> Yes | Q338: ='yarn master raw '!M338 -> Cotton Yarn Price Trend | R338: ='yarn master raw '!N338 -> Historical Price | S338: =IFERROR(IF(ISNUMBER(A338),YEAR(A338),IF(ISNUMBER(SEARCH("'",A338)),VALUE("20"&MID(A338,SEARCH("'",A338)+1,2)),IF(ISNUMBER(SEARCH("2023",A338)),2023,IF(ISNUMBER(SEARCH("2024",A338)),2024,IF(ISNUMBER(SEARCH("2025",A338)),2025,IF(ISNUMBER(SEARCH("2026",A338)),2026,2022)))))),"") -> 2026 | T338: June
A339: ='yarn master raw '!A339 -> 24th Jun 2026 | B339: ='yarn master raw '!B339 -> Cotton Yarn | C339: ='yarn master raw '!C339 -> Cotton | D339: =IF('yarn master raw '!J339="INR","India","Imported") -> India | E339: ='yarn master raw '!D339 -> KPR | F339: ='yarn master raw '!E339 -> 16's | G339: ='yarn master raw '!F339 -> Semi-Combed | H339: ='yarn master raw '!G339 -> 100% Cotton | I339: ='yarn master raw '!I339 -> 304 | J339: ='yarn master raw '!H339 -> ₹/kg | K339: ='yarn master raw '!J339 -> INR | L339: =_xlfn.XLOOKUP(K339,'usd inr forecast '!$N$2:$N$6,'usd inr forecast '!$O$2:$O$6,1) -> 1 | M339: =IF(J339="₹/kg",I339*L339,IF(J339="₹/Candy",I339*L339/355.62,IF(J339="₹/Bale",I339*L339/170,I339*L339))) -> 304 | N339: ="₹/kg" -> ₹/kg | O339: ='yarn master raw '!K339 -> Ex-Mill + Freight | P339: ='yarn master raw '!L339 -> Yes | Q339: ='yarn master raw '!M339 -> Cotton Yarn Price Trend | R339: ='yarn master raw '!N339 -> Historical Price | S339: =IFERROR(IF(ISNUMBER(A339),YEAR(A339),IF(ISNUMBER(SEARCH("'",A339)),VALUE("20"&MID(A339,SEARCH("'",A339)+1,2)),IF(ISNUMBER(SEARCH("2023",A339)),2023,IF(ISNUMBER(SEARCH("2024",A339)),2024,IF(ISNUMBER(SEARCH("2025",A339)),2025,IF(ISNUMBER(SEARCH("2026",A339)),2026,2022)))))),"") -> 2026 | T339: June
A340: ='yarn master raw '!A340 -> 24th Jun 2026 | B340: ='yarn master raw '!B340 -> Cotton Yarn | C340: ='yarn master raw '!C340 -> Cotton | D340: =IF('yarn master raw '!J340="INR","India","Imported") -> India | E340: ='yarn master raw '!D340 -> KPR | F340: ='yarn master raw '!E340 -> 20's | G340: ='yarn master raw '!F340 -> Semi-Combed | H340: ='yarn master raw '!G340 -> 100% Cotton | I340: ='yarn master raw '!I340 -> 304 | J340: ='yarn master raw '!H340 -> ₹/kg | K340: ='yarn master raw '!J340 -> INR | L340: =_xlfn.XLOOKUP(K340,'usd inr forecast '!$N$2:$N$6,'usd inr forecast '!$O$2:$O$6,1) -> 1 | M340: =IF(J340="₹/kg",I340*L340,IF(J340="₹/Candy",I340*L340/355.62,IF(J340="₹/Bale",I340*L340/170,I340*L340))) -> 304 | N340: ="₹/kg" -> ₹/kg | O340: ='yarn master raw '!K340 -> Ex-Mill + Freight | P340: ='yarn master raw '!L340 -> Yes | Q340: ='yarn master raw '!M340 -> Cotton Yarn Price Trend | R340: ='yarn master raw '!N340 -> Historical Price | S340: =IFERROR(IF(ISNUMBER(A340),YEAR(A340),IF(ISNUMBER(SEARCH("'",A340)),VALUE("20"&MID(A340,SEARCH("'",A340)+1,2)),IF(ISNUMBER(SEARCH("2023",A340)),2023,IF(ISNUMBER(SEARCH("2024",A340)),2024,IF(ISNUMBER(SEARCH("2025",A340)),2025,IF(ISNUMBER(SEARCH("2026",A340)),2026,2022)))))),"") -> 2026 | T340: June
A341: ='yarn master raw '!A341 -> 24th Jun 2026 | B341: ='yarn master raw '!B341 -> Cotton Yarn | C341: ='yarn master raw '!C341 -> Cotton | D341: =IF('yarn master raw '!J341="INR","India","Imported") -> India | E341: ='yarn master raw '!D341 -> KPR | F341: ='yarn master raw '!E341 -> 24's | G341: ='yarn master raw '!F341 -> Semi-Combed | H341: ='yarn master raw '!G341 -> 100% Cotton | I341: ='yarn master raw '!I341 -> 313 | J341: ='yarn master raw '!H341 -> ₹/kg | K341: ='yarn master raw '!J341 -> INR | L341: =_xlfn.XLOOKUP(K341,'usd inr forecast '!$N$2:$N$6,'usd inr forecast '!$O$2:$O$6,1) -> 1 | M341: =IF(J341="₹/kg",I341*L341,IF(J341="₹/Candy",I341*L341/355.62,IF(J341="₹/Bale",I341*L341/170,I341*L341))) -> 313 | N341: ="₹/kg" -> ₹/kg | O341: ='yarn master raw '!K341 -> Ex-Mill + Freight | P341: ='yarn master raw '!L341 -> Yes | Q341: ='yarn master raw '!M341 -> Cotton Yarn Price Trend | R341: ='yarn master raw '!N341 -> Historical Price | S341: =IFERROR(IF(ISNUMBER(A341),YEAR(A341),IF(ISNUMBER(SEARCH("'",A341)),VALUE("20"&MID(A341,SEARCH("'",A341)+1,2)),IF(ISNUMBER(SEARCH("2023",A341)),2023,IF(ISNUMBER(SEARCH("2024",A341)),2024,IF(ISNUMBER(SEARCH("2025",A341)),2025,IF(ISNUMBER(SEARCH("2026",A341)),2026,2022)))))),"") -> 2026 | T341: June
A342: ='yarn master raw '!A342 -> 24th Jun 2026 | B342: ='yarn master raw '!B342 -> Cotton Yarn | C342: ='yarn master raw '!C342 -> Cotton | D342: =IF('yarn master raw '!J342="INR","India","Imported") -> India | E342: ='yarn master raw '!D342 -> KPR | F342: ='yarn master raw '!E342 -> 30's | G342: ='yarn master raw '!F342 -> Semi-Combed | H342: ='yarn master raw '!G342 -> 100% Cotton | I342: ='yarn master raw '!I342 -> 325 | J342: ='yarn master raw '!H342 -> ₹/kg | K342: ='yarn master raw '!J342 -> INR | L342: =_xlfn.XLOOKUP(K342,'usd inr forecast '!$N$2:$N$6,'usd inr forecast '!$O$2:$O$6,1) -> 1 | M342: =IF(J342="₹/kg",I342*L342,IF(J342="₹/Candy",I342*L342/355.62,IF(J342="₹/Bale",I342*L342/170,I342*L342))) -> 325 | N342: ="₹/kg" -> ₹/kg | O342: ='yarn master raw '!K342 -> Ex-Mill + Freight | P342: ='yarn master raw '!L342 -> Yes | Q342: ='yarn master raw '!M342 -> Cotton Yarn Price Trend | R342: ='yarn master raw '!N342 -> Historical Price | S342: =IFERROR(IF(ISNUMBER(A342),YEAR(A342),IF(ISNUMBER(SEARCH("'",A342)),VALUE("20"&MID(A342,SEARCH("'",A342)+1,2)),IF(ISNUMBER(SEARCH("2023",A342)),2023,IF(ISNUMBER(SEARCH("2024",A342)),2024,IF(ISNUMBER(SEARCH("2025",A342)),2025,IF(ISNUMBER(SEARCH("2026",A342)),2026,2022)))))),"") -> 2026 | T342: June
A343: ='yarn master raw '!A343 -> 24th Jun 2026 | B343: ='yarn master raw '!B343 -> Cotton Yarn | C343: ='yarn master raw '!C343 -> Cotton | D343: =IF('yarn master raw '!J343="INR","India","Imported") -> India | E343: ='yarn master raw '!D343 -> KPR | F343: ='yarn master raw '!E343 -> 34's | G343: ='yarn master raw '!F343 -> Semi-Combed | H343: ='yarn master raw '!G343 -> 100% Cotton | I343: ='yarn master raw '!I343 -> 332 | J343: ='yarn master raw '!H343 -> ₹/kg | K343: ='yarn master raw '!J343 -> INR | L343: =_xlfn.XLOOKUP(K343,'usd inr forecast '!$N$2:$N$6,'usd inr forecast '!$O$2:$O$6,1) -> 1 | M343: =IF(J343="₹/kg",I343*L343,IF(J343="₹/Candy",I343*L343/355.62,IF(J343="₹/Bale",I343*L343/170,I343*L343))) -> 332 | N343: ="₹/kg" -> ₹/kg | O343: ='yarn master raw '!K343 -> Ex-Mill + Freight | P343: ='yarn master raw '!L343 -> Yes | Q343: ='yarn master raw '!M343 -> Cotton Yarn Price Trend | R343: ='yarn master raw '!N343 -> Historical Price | S343: =IFERROR(IF(ISNUMBER(A343),YEAR(A343),IF(ISNUMBER(SEARCH("'",A343)),VALUE("20"&MID(A343,SEARCH("'",A343)+1,2)),IF(ISNUMBER(SEARCH("2023",A343)),2023,IF(ISNUMBER(SEARCH("2024",A343)),2024,IF(ISNUMBER(SEARCH("2025",A343)),2025,IF(ISNUMBER(SEARCH("2026",A343)),2026,2022)))))),"") -> 2026 | T343: June
A344: ='yarn master raw '!A344 -> 24th Jun 2026 | B344: ='yarn master raw '!B344 -> Cotton Yarn | C344: ='yarn master raw '!C344 -> Cotton | D344: =IF('yarn master raw '!J344="INR","India","Imported") -> India | E344: ='yarn master raw '!D344 -> KPR | F344: ='yarn master raw '!E344 -> 40's | G344: ='yarn master raw '!F344 -> Semi-Combed | H344: ='yarn master raw '!G344 -> 100% Cotton | I344: ='yarn master raw '!I344 -> 353 | J344: ='yarn master raw '!H344 -> ₹/kg | K344: ='yarn master raw '!J344 -> INR | L344: =_xlfn.XLOOKUP(K344,'usd inr forecast '!$N$2:$N$6,'usd inr forecast '!$O$2:$O$6,1) -> 1 | M344: =IF(J344="₹/kg",I344*L344,IF(J344="₹/Candy",I344*L344/355.62,IF(J344="₹/Bale",I344*L344/170,I344*L344))) -> 353 | N344: ="₹/kg" -> ₹/kg | O344: ='yarn master raw '!K344 -> Ex-Mill + Freight | P344: ='yarn master raw '!L344 -> Yes | Q344: ='yarn master raw '!M344 -> Cotton Yarn Price Trend | R344: ='yarn master raw '!N344 -> Historical Price | S344: =IFERROR(IF(ISNUMBER(A344),YEAR(A344),IF(ISNUMBER(SEARCH("'",A344)),VALUE("20"&MID(A344,SEARCH("'",A344)+1,2)),IF(ISNUMBER(SEARCH("2023",A344)),2023,IF(ISNUMBER(SEARCH("2024",A344)),2024,IF(ISNUMBER(SEARCH("2025",A344)),2025,IF(ISNUMBER(SEARCH("2026",A344)),2026,2022)))))),"") -> 2026 | T344: June
A345: ='yarn master raw '!A345 -> 44812 | B345: ='yarn master raw '!B345 -> Viscose Yarn | C345: ='yarn master raw '!C345 -> Viscose | D345: =IF('yarn master raw '!J345="INR","India","Imported") -> India | E345: ='yarn master raw '!D345 -> Pavathal,, NKCM, Jayamaaruthi | F345: ='yarn master raw '!E345 -> 2/15's | G345: ='yarn master raw '!F345 -> Standard | H345: ='yarn master raw '!G345 -> 100% Viscose | I345: ='yarn master raw '!I345 -> 225 | J345: ='yarn master raw '!H345 -> ₹/kg | K345: ='yarn master raw '!J345 -> INR | L345: =_xlfn.XLOOKUP(K345,'usd inr forecast '!$N$2:$N$6,'usd inr forecast '!$O$2:$O$6,1) -> 1 | M345: =IF(J345="₹/kg",I345*L345,IF(J345="₹/Candy",I345*L345/355.62,IF(J345="₹/Bale",I345*L345/170,I345*L345))) -> 225 | N345: ="₹/kg" -> ₹/kg | O345: ='yarn master raw '!K345 -> Ex-Mill + Freight | P345: ='yarn master raw '!L345 -> Yes | Q345: ='yarn master raw '!M345 -> Viscose Yarn Price Trend | R345: ='yarn master raw '!N345 -> Historical Price | S345: =IFERROR(IF(ISNUMBER(A345),YEAR(A345),IF(ISNUMBER(SEARCH("'",A345)),VALUE("20"&MID(A345,SEARCH("'",A345)+1,2)),IF(ISNUMBER(SEARCH("2023",A345)),2023,IF(ISNUMBER(SEARCH("2024",A345)),2024,IF(ISNUMBER(SEARCH("2025",A345)),2025,IF(ISNUMBER(SEARCH("2026",A345)),2026,2022)))))),"") -> 2022 | T345: =IFERROR(IF(ISNUMBER(A345),TEXT(A345,"mmmm"),IF(ISNUMBER(SEARCH("Jan",A345)),"January",IF(ISNUMBER(SEARCH("Feb",A345)),"February",IF(ISNUMBER(SEARCH("March",A345)),"March",IF(ISNUMBER(SEARCH("April",A345)),"April",IF(ISNUMBER(SEARCH("May",A345)),"May",IF(ISNUMBER(SEARCH("June",A345)),"June",IF(ISNUMBER(SEARCH("July",A345)),"July",IF(ISNUMBER(SEARCH("Aug",A345)),"August",IF(ISNUMBER(SEARCH("Sep",A345)),"September",IF(ISNUMBER(SEARCH("Oct",A345)),"October",IF(ISNUMBER(SEARCH("Nov",A345)),"November",IF(ISNUMBER(SEARCH("Dec",A345)),"December",""))))))))))))),"") -> September
A346: ='yarn master raw '!A346 -> 44812 | B346: ='yarn master raw '!B346 -> Viscose Yarn | C346: ='yarn master raw '!C346 -> Viscose | D346: =IF('yarn master raw '!J346="INR","India","Imported") -> India | E346: ='yarn master raw '!D346 -> Victory,KPN, KKP, Kumaragiri, VTS, Eveready | F346: ='yarn master raw '!E346 -> 20's | G346: ='yarn master raw '!F346 -> Standard | H346: ='yarn master raw '!G346 -> 100% Viscose | I346: ='yarn master raw '!I346 -> 205 | J346: ='yarn master raw '!H346 -> ₹/kg | K346: ='yarn master raw '!J346 -> INR | L346: =_xlfn.XLOOKUP(K346,'usd inr forecast '!$N$2:$N$6,'usd inr forecast '!$O$2:$O$6,1) -> 1 | M346: =IF(J346="₹/kg",I346*L346,IF(J346="₹/Candy",I346*L346/355.62,IF(J346="₹/Bale",I346*L346/170,I346*L346))) -> 205 | N346: ="₹/kg" -> ₹/kg | O346: ='yarn master raw '!K346 -> Ex-Mill + Freight | P346: ='yarn master raw '!L346 -> Yes | Q346: ='yarn master raw '!M346 -> Viscose Yarn Price Trend | R346: ='yarn master raw '!N346 -> Historical Price | S346: =IFERROR(IF(ISNUMBER(A346),YEAR(A346),IF(ISNUMBER(SEARCH("'",A346)),VALUE("20"&MID(A346,SEARCH("'",A346)+1,2)),IF(ISNUMBER(SEARCH("2023",A346)),2023,IF(ISNUMBER(SEARCH("2024",A346)),2024,IF(ISNUMBER(SEARCH("2025",A346)),2025,IF(ISNUMBER(SEARCH("2026",A346)),2026,2022)))))),"") -> 2022 | T346: =IFERROR(IF(ISNUMBER(A346),TEXT(A346,"mmmm"),IF(ISNUMBER(SEARCH("Jan",A346)),"January",IF(ISNUMBER(SEARCH("Feb",A346)),"February",IF(ISNUMBER(SEARCH("March",A346)),"March",IF(ISNUMBER(SEARCH("April",A346)),"April",IF(ISNUMBER(SEARCH("May",A346)),"May",IF(ISNUMBER(SEARCH("June",A346)),"June",IF(ISNUMBER(SEARCH("July",A346)),"July",IF(ISNUMBER(SEARCH("Aug",A346)),"August",IF(ISNUMBER(SEARCH("Sep",A346)),"September",IF(ISNUMBER(SEARCH("Oct",A346)),"October",IF(ISNUMBER(SEARCH("Nov",A346)),"November",IF(ISNUMBER(SEARCH("Dec",A346)),"December",""))))))))))))),"") -> September
A347: ='yarn master raw '!A347 -> 44812 | B347: ='yarn master raw '!B347 -> Viscose Yarn | C347: ='yarn master raw '!C347 -> Viscose | D347: =IF('yarn master raw '!J347="INR","India","Imported") -> India | E347: ='yarn master raw '!D347 -> KPN,Victory, Chola, SCM, Everready,VTS,Pallava,Mothi | F347: ='yarn master raw '!E347 -> 30's | G347: ='yarn master raw '!F347 -> Standard | H347: ='yarn master raw '!G347 -> 100% Viscose | I347: ='yarn master raw '!I347 -> 207-214 | J347: ='yarn master raw '!H347 -> ₹/kg | K347: ='yarn master raw '!J347 -> INR | L347: =_xlfn.XLOOKUP(K347,'usd inr forecast '!$N$2:$N$6,'usd inr forecast '!$O$2:$O$6,1) -> 1 | M347: =IF(J347="₹/kg",I347*L347,IF(J347="₹/Candy",I347*L347/355.62,IF(J347="₹/Bale",I347*L347/170,I347*L347))) -> #VALUE! | N347: ="₹/kg" -> ₹/kg | O347: ='yarn master raw '!K347 -> Ex-Mill + Freight | P347: ='yarn master raw '!L347 -> Yes | Q347: ='yarn master raw '!M347 -> Viscose Yarn Price Trend | R347: ='yarn master raw '!N347 -> Historical Price | S347: =IFERROR(IF(ISNUMBER(A347),YEAR(A347),IF(ISNUMBER(SEARCH("'",A347)),VALUE("20"&MID(A347,SEARCH("'",A347)+1,2)),IF(ISNUMBER(SEARCH("2023",A347)),2023,IF(ISNUMBER(SEARCH("2024",A347)),2024,IF(ISNUMBER(SEARCH("2025",A347)),2025,IF(ISNUMBER(SEARCH("2026",A347)),2026,2022)))))),"") -> 2022 | T347: =IFERROR(IF(ISNUMBER(A347),TEXT(A347,"mmmm"),IF(ISNUMBER(SEARCH("Jan",A347)),"January",IF(ISNUMBER(SEARCH("Feb",A347)),"February",IF(ISNUMBER(SEARCH("March",A347)),"March",IF(ISNUMBER(SEARCH("April",A347)),"April",IF(ISNUMBER(SEARCH("May",A347)),"May",IF(ISNUMBER(SEARCH("June",A347)),"June",IF(ISNUMBER(SEARCH("July",A347)),"July",IF(ISNUMBER(SEARCH("Aug",A347)),"August",IF(ISNUMBER(SEARCH("Sep",A347)),"September",IF(ISNUMBER(SEARCH("Oct",A347)),"October",IF(ISNUMBER(SEARCH("Nov",A347)),"November",IF(ISNUMBER(SEARCH("Dec",A347)),"December",""))))))))))))),"") -> September
A348: ='yarn master raw '!A348 -> 44812 | B348: ='yarn master raw '!B348 -> Viscose Yarn | C348: ='yarn master raw '!C348 -> Viscose | D348: =IF('yarn master raw '!J348="INR","India","Imported") -> India | E348: ='yarn master raw '!D348 -> Mouli, Pallava, Eveready | F348: ='yarn master raw '!E348 -> 34's | G348: ='yarn master raw '!F348 -> Standard | H348: ='yarn master raw '!G348 -> 100% Viscose | I348: ='yarn master raw '!I348 -> 230 | J348: ='yarn master raw '!H348 -> ₹/kg | K348: ='yarn master raw '!J348 -> INR | L348: =_xlfn.XLOOKUP(K348,'usd inr forecast '!$N$2:$N$6,'usd inr forecast '!$O$2:$O$6,1) -> 1 | M348: =IF(J348="₹/kg",I348*L348,IF(J348="₹/Candy",I348*L348/355.62,IF(J348="₹/Bale",I348*L348/170,I348*L348))) -> 230 | N348: ="₹/kg" -> ₹/kg | O348: ='yarn master raw '!K348 -> Ex-Mill + Freight | P348: ='yarn master raw '!L348 -> Yes | Q348: ='yarn master raw '!M348 -> Viscose Yarn Price Trend | R348: ='yarn master raw '!N348 -> Historical Price | S348: =IFERROR(IF(ISNUMBER(A348),YEAR(A348),IF(ISNUMBER(SEARCH("'",A348)),VALUE("20"&MID(A348,SEARCH("'",A348)+1,2)),IF(ISNUMBER(SEARCH("2023",A348)),2023,IF(ISNUMBER(SEARCH("2024",A348)),2024,IF(ISNUMBER(SEARCH("2025",A348)),2025,IF(ISNUMBER(SEARCH("2026",A348)),2026,2022)))))),"") -> 2022 | T348: =IFERROR(IF(ISNUMBER(A348),TEXT(A348,"mmmm"),IF(ISNUMBER(SEARCH("Jan",A348)),"January",IF(ISNUMBER(SEARCH("Feb",A348)),"February",IF(ISNUMBER(SEARCH("March",A348)),"March",IF(ISNUMBER(SEARCH("April",A348)),"April",IF(ISNUMBER(SEARCH("May",A348)),"May",IF(ISNUMBER(SEARCH("June",A348)),"June",IF(ISNUMBER(SEARCH("July",A348)),"July",IF(ISNUMBER(SEARCH("Aug",A348)),"August",IF(ISNUMBER(SEARCH("Sep",A348)),"September",IF(ISNUMBER(SEARCH("Oct",A348)),"October",IF(ISNUMBER(SEARCH("Nov",A348)),"November",IF(ISNUMBER(SEARCH("Dec",A348)),"December",""))))))))))))),"") -> September
A349: ='yarn master raw '!A349 -> 44812 | B349: ='yarn master raw '!B349 -> Viscose Yarn | C349: ='yarn master raw '!C349 -> Viscose | D349: =IF('yarn master raw '!J349="INR","India","Imported") -> India | E349: ='yarn master raw '!D349 -> Pallava, Lucky, VTS | F349: ='yarn master raw '!E349 -> 30's Liva Eco | G349: ='yarn master raw '!F349 -> Liva Eco | H349: ='yarn master raw '!G349 -> 100% Viscose | I349: ='yarn master raw '!I349 -> 240 | J349: ='yarn master raw '!H349 -> ₹/kg | K349: ='yarn master raw '!J349 -> INR | L349: =_xlfn.XLOOKUP(K349,'usd inr forecast '!$N$2:$N$6,'usd inr forecast '!$O$2:$O$6,1) -> 1 | M349: =IF(J349="₹/kg",I349*L349,IF(J349="₹/Candy",I349*L349/355.62,IF(J349="₹/Bale",I349*L349/170,I349*L349))) -> 240 | N349: ="₹/kg" -> ₹/kg | O349: ='yarn master raw '!K349 -> Ex-Mill + Freight | P349: ='yarn master raw '!L349 -> Yes | Q349: ='yarn master raw '!M349 -> Viscose Yarn Price Trend | R349: ='yarn master raw '!N349 -> Historical Price | S349: =IFERROR(IF(ISNUMBER(A349),YEAR(A349),IF(ISNUMBER(SEARCH("'",A349)),VALUE("20"&MID(A349,SEARCH("'",A349)+1,2)),IF(ISNUMBER(SEARCH("2023",A349)),2023,IF(ISNUMBER(SEARCH("2024",A349)),2024,IF(ISNUMBER(SEARCH("2025",A349)),2025,IF(ISNUMBER(SEARCH("2026",A349)),2026,2022)))))),"") -> 2022 | T349: =IFERROR(IF(ISNUMBER(A349),TEXT(A349,"mmmm"),IF(ISNUMBER(SEARCH("Jan",A349)),"January",IF(ISNUMBER(SEARCH("Feb",A349)),"February",IF(ISNUMBER(SEARCH("March",A349)),"March",IF(ISNUMBER(SEARCH("April",A349)),"April",IF(ISNUMBER(SEARCH("May",A349)),"May",IF(ISNUMBER(SEARCH("June",A349)),"June",IF(ISNUMBER(SEARCH("July",A349)),"July",IF(ISNUMBER(SEARCH("Aug",A349)),"August",IF(ISNUMBER(SEARCH("Sep",A349)),"September",IF(ISNUMBER(SEARCH("Oct",A349)),"October",IF(ISNUMBER(SEARCH("Nov",A349)),"November",IF(ISNUMBER(SEARCH("Dec",A349)),"December",""))))))))))))),"") -> September
A350: ='yarn master raw '!A350 -> 44812 | B350: ='yarn master raw '!B350 -> Viscose Yarn | C350: ='yarn master raw '!C350 -> Viscose | D350: =IF('yarn master raw '!J350="INR","India","Imported") -> India | E350: ='yarn master raw '!D350 -> KPN,AGT,VTS,Everready, Pallava, Mothi | F350: ='yarn master raw '!E350 -> 40's | G350: ='yarn master raw '!F350 -> Standard | H350: ='yarn master raw '!G350 -> 100% Viscose | I350: ='yarn master raw '!I350 -> 244 | J350: ='yarn master raw '!H350 -> ₹/kg | K350: ='yarn master raw '!J350 -> INR | L350: =_xlfn.XLOOKUP(K350,'usd inr forecast '!$N$2:$N$6,'usd inr forecast '!$O$2:$O$6,1) -> 1 | M350: =IF(J350="₹/kg",I350*L350,IF(J350="₹/Candy",I350*L350/355.62,IF(J350="₹/Bale",I350*L350/170,I350*L350))) -> 244 | N350: ="₹/kg" -> ₹/kg | O350: ='yarn master raw '!K350 -> Ex-Mill + Freight | P350: ='yarn master raw '!L350 -> Yes | Q350: ='yarn master raw '!M350 -> Viscose Yarn Price Trend | R350: ='yarn master raw '!N350 -> Historical Price | S350: =IFERROR(IF(ISNUMBER(A350),YEAR(A350),IF(ISNUMBER(SEARCH("'",A350)),VALUE("20"&MID(A350,SEARCH("'",A350)+1,2)),IF(ISNUMBER(SEARCH("2023",A350)),2023,IF(ISNUMBER(SEARCH("2024",A350)),2024,IF(ISNUMBER(SEARCH("2025",A350)),2025,IF(ISNUMBER(SEARCH("2026",A350)),2026,2022)))))),"") -> 2022 | T350: =IFERROR(IF(ISNUMBER(A350),TEXT(A350,"mmmm"),IF(ISNUMBER(SEARCH("Jan",A350)),"January",IF(ISNUMBER(SEARCH("Feb",A350)),"February",IF(ISNUMBER(SEARCH("March",A350)),"March",IF(ISNUMBER(SEARCH("April",A350)),"April",IF(ISNUMBER(SEARCH("May",A350)),"May",IF(ISNUMBER(SEARCH("June",A350)),"June",IF(ISNUMBER(SEARCH("July",A350)),"July",IF(ISNUMBER(SEARCH("Aug",A350)),"August",IF(ISNUMBER(SEARCH("Sep",A350)),"September",IF(ISNUMBER(SEARCH("Oct",A350)),"October",IF(ISNUMBER(SEARCH("Nov",A350)),"November",IF(ISNUMBER(SEARCH("Dec",A350)),"December",""))))))))))))),"") -> September
A351: ='yarn master raw '!A351 -> 44812 | B351: ='yarn master raw '!B351 -> Viscose Yarn | C351: ='yarn master raw '!C351 -> Viscose | D351: =IF('yarn master raw '!J351="INR","India","Imported") -> India | E351: ='yarn master raw '!D351 -> VTS | F351: ='yarn master raw '!E351 -> 2/30's TFO Doubled | G351: ='yarn master raw '!F351 -> TFO Doubled | H351: ='yarn master raw '!G351 -> 100% Viscose | I351: ='yarn master raw '!I351 -> 230-235 | J351: ='yarn master raw '!H351 -> ₹/kg | K351: ='yarn master raw '!J351 -> INR | L351: =_xlfn.XLOOKUP(K351,'usd inr forecast '!$N$2:$N$6,'usd inr forecast '!$O$2:$O$6,1) -> 1 | M351: =IF(J351="₹/kg",I351*L351,IF(J351="₹/Candy",I351*L351/355.62,IF(J351="₹/Bale",I351*L351/170,I351*L351))) -> #VALUE! | N351: ="₹/kg" -> ₹/kg | O351: ='yarn master raw '!K351 -> Ex-Mill + Freight | P351: ='yarn master raw '!L351 -> Yes | Q351: ='yarn master raw '!M351 -> Viscose Yarn Price Trend | R351: ='yarn master raw '!N351 -> Historical Price | S351: =IFERROR(IF(ISNUMBER(A351),YEAR(A351),IF(ISNUMBER(SEARCH("'",A351)),VALUE("20"&MID(A351,SEARCH("'",A351)+1,2)),IF(ISNUMBER(SEARCH("2023",A351)),2023,IF(ISNUMBER(SEARCH("2024",A351)),2024,IF(ISNUMBER(SEARCH("2025",A351)),2025,IF(ISNUMBER(SEARCH("2026",A351)),2026,2022)))))),"") -> 2022 | T351: =IFERROR(IF(ISNUMBER(A351),TEXT(A351,"mmmm"),IF(ISNUMBER(SEARCH("Jan",A351)),"January",IF(ISNUMBER(SEARCH("Feb",A351)),"February",IF(ISNUMBER(SEARCH("March",A351)),"March",IF(ISNUMBER(SEARCH("April",A351)),"April",IF(ISNUMBER(SEARCH("May",A351)),"May",IF(ISNUMBER(SEARCH("June",A351)),"June",IF(ISNUMBER(SEARCH("July",A351)),"July",IF(ISNUMBER(SEARCH("Aug",A351)),"August",IF(ISNUMBER(SEARCH("Sep",A351)),"September",IF(ISNUMBER(SEARCH("Oct",A351)),"October",IF(ISNUMBER(SEARCH("Nov",A351)),"November",IF(ISNUMBER(SEARCH("Dec",A351)),"December",""))))))))))))),"") -> September
A352: ='yarn master raw '!A352 -> 44812 | B352: ='yarn master raw '!B352 -> Viscose Yarn | C352: ='yarn master raw '!C352 -> Viscose | D352: =IF('yarn master raw '!J352="INR","India","Imported") -> India | E352: ='yarn master raw '!D352 -> Gimatex, NKCM, Dhanlakshmi | F352: ='yarn master raw '!E352 -> 2/40's TFO Doubled | G352: ='yarn master raw '!F352 -> TFO Doubled | H352: ='yarn master raw '!G352 -> 100% Viscose | I352: ='yarn master raw '!I352 -> 260-265 | J352: ='yarn master raw '!H352 -> ₹/kg | K352: ='yarn master raw '!J352 -> INR | L352: =_xlfn.XLOOKUP(K352,'usd inr forecast '!$N$2:$N$6,'usd inr forecast '!$O$2:$O$6,1) -> 1 | M352: =IF(J352="₹/kg",I352*L352,IF(J352="₹/Candy",I352*L352/355.62,IF(J352="₹/Bale",I352*L352/170,I352*L352))) -> #VALUE! | N352: ="₹/kg" -> ₹/kg | O352: ='yarn master raw '!K352 -> Ex-Mill + Freight | P352: ='yarn master raw '!L352 -> Yes | Q352: ='yarn master raw '!M352 -> Viscose Yarn Price Trend | R352: ='yarn master raw '!N352 -> Historical Price | S352: =IFERROR(IF(ISNUMBER(A352),YEAR(A352),IF(ISNUMBER(SEARCH("'",A352)),VALUE("20"&MID(A352,SEARCH("'",A352)+1,2)),IF(ISNUMBER(SEARCH("2023",A352)),2023,IF(ISNUMBER(SEARCH("2024",A352)),2024,IF(ISNUMBER(SEARCH("2025",A352)),2025,IF(ISNUMBER(SEARCH("2026",A352)),2026,2022)))))),"") -> 2022 | T352: =IFERROR(IF(ISNUMBER(A352),TEXT(A352,"mmmm"),IF(ISNUMBER(SEARCH("Jan",A352)),"January",IF(ISNUMBER(SEARCH("Feb",A352)),"February",IF(ISNUMBER(SEARCH("March",A352)),"March",IF(ISNUMBER(SEARCH("April",A352)),"April",IF(ISNUMBER(SEARCH("May",A352)),"May",IF(ISNUMBER(SEARCH("June",A352)),"June",IF(ISNUMBER(SEARCH("July",A352)),"July",IF(ISNUMBER(SEARCH("Aug",A352)),"August",IF(ISNUMBER(SEARCH("Sep",A352)),"September",IF(ISNUMBER(SEARCH("Oct",A352)),"October",IF(ISNUMBER(SEARCH("Nov",A352)),"November",IF(ISNUMBER(SEARCH("Dec",A352)),"December",""))))))))))))),"") -> September
A353: ='yarn master raw '!A353 -> 44812 | B353: ='yarn master raw '!B353 -> Viscose Yarn | C353: ='yarn master raw '!C353 -> Viscose | D353: =IF('yarn master raw '!J353="INR","India","Imported") -> India | E353: ='yarn master raw '!D353 -> Eveready, KPN | F353: ='yarn master raw '!E353 -> 2/40's Ring Doubled | G353: ='yarn master raw '!F353 -> Ring Doubled | H353: ='yarn master raw '!G353 -> 100% Viscose | I353: ='yarn master raw '!I353 -> 260 | J353: ='yarn master raw '!H353 -> ₹/kg | K353: ='yarn master raw '!J353 -> INR | L353: =_xlfn.XLOOKUP(K353,'usd inr forecast '!$N$2:$N$6,'usd inr forecast '!$O$2:$O$6,1) -> 1 | M353: =IF(J353="₹/kg",I353*L353,IF(J353="₹/Candy",I353*L353/355.62,IF(J353="₹/Bale",I353*L353/170,I353*L353))) -> 260 | N353: ="₹/kg" -> ₹/kg | O353: ='yarn master raw '!K353 -> Ex-Mill + Freight | P353: ='yarn master raw '!L353 -> Yes | Q353: ='yarn master raw '!M353 -> Viscose Yarn Price Trend | R353: ='yarn master raw '!N353 -> Historical Price | S353: =IFERROR(IF(ISNUMBER(A353),YEAR(A353),IF(ISNUMBER(SEARCH("'",A353)),VALUE("20"&MID(A353,SEARCH("'",A353)+1,2)),IF(ISNUMBER(SEARCH("2023",A353)),2023,IF(ISNUMBER(SEARCH("2024",A353)),2024,IF(ISNUMBER(SEARCH("2025",A353)),2025,IF(ISNUMBER(SEARCH("2026",A353)),2026,2022)))))),"") -> 2022 | T353: =IFERROR(IF(ISNUMBER(A353),TEXT(A353,"mmmm"),IF(ISNUMBER(SEARCH("Jan",A353)),"January",IF(ISNUMBER(SEARCH("Feb",A353)),"February",IF(ISNUMBER(SEARCH("March",A353)),"March",IF(ISNUMBER(SEARCH("April",A353)),"April",IF(ISNUMBER(SEARCH("May",A353)),"May",IF(ISNUMBER(SEARCH("June",A353)),"June",IF(ISNUMBER(SEARCH("July",A353)),"July",IF(ISNUMBER(SEARCH("Aug",A353)),"August",IF(ISNUMBER(SEARCH("Sep",A353)),"September",IF(ISNUMBER(SEARCH("Oct",A353)),"October",IF(ISNUMBER(SEARCH("Nov",A353)),"November",IF(ISNUMBER(SEARCH("Dec",A353)),"December",""))))))))))))),"") -> September
A354: ='yarn master raw '!A354 -> 44812 | B354: ='yarn master raw '!B354 -> Viscose Yarn | C354: ='yarn master raw '!C354 -> Viscose | D354: =IF('yarn master raw '!J354="INR","India","Imported") -> India | E354: ='yarn master raw '!D354 -> VTS | F354: ='yarn master raw '!E354 -> 60's Viscose | G354: ='yarn master raw '!F354 -> Standard | H354: ='yarn master raw '!G354 -> 100% Viscose | I354: ='yarn master raw '!I354 -> 430 | J354: ='yarn master raw '!H354 -> ₹/kg | K354: ='yarn master raw '!J354 -> INR | L354: =_xlfn.XLOOKUP(K354,'usd inr forecast '!$N$2:$N$6,'usd inr forecast '!$O$2:$O$6,1) -> 1 | M354: =IF(J354="₹/kg",I354*L354,IF(J354="₹/Candy",I354*L354/355.62,IF(J354="₹/Bale",I354*L354/170,I354*L354))) -> 430 | N354: ="₹/kg" -> ₹/kg | O354: ='yarn master raw '!K354 -> Ex-Mill + Freight | P354: ='yarn master raw '!L354 -> Yes | Q354: ='yarn master raw '!M354 -> Viscose Yarn Price Trend | R354: ='yarn master raw '!N354 -> Historical Price | S354: =IFERROR(IF(ISNUMBER(A354),YEAR(A354),IF(ISNUMBER(SEARCH("'",A354)),VALUE("20"&MID(A354,SEARCH("'",A354)+1,2)),IF(ISNUMBER(SEARCH("2023",A354)),2023,IF(ISNUMBER(SEARCH("2024",A354)),2024,IF(ISNUMBER(SEARCH("2025",A354)),2025,IF(ISNUMBER(SEARCH("2026",A354)),2026,2022)))))),"") -> 2022 | T354: =IFERROR(IF(ISNUMBER(A354),TEXT(A354,"mmmm"),IF(ISNUMBER(SEARCH("Jan",A354)),"January",IF(ISNUMBER(SEARCH("Feb",A354)),"February",IF(ISNUMBER(SEARCH("March",A354)),"March",IF(ISNUMBER(SEARCH("April",A354)),"April",IF(ISNUMBER(SEARCH("May",A354)),"May",IF(ISNUMBER(SEARCH("June",A354)),"June",IF(ISNUMBER(SEARCH("July",A354)),"July",IF(ISNUMBER(SEARCH("Aug",A354)),"August",IF(ISNUMBER(SEARCH("Sep",A354)),"September",IF(ISNUMBER(SEARCH("Oct",A354)),"October",IF(ISNUMBER(SEARCH("Nov",A354)),"November",IF(ISNUMBER(SEARCH("Dec",A354)),"December",""))))))))))))),"") -> September
A355: ='yarn master raw '!A355 -> 44812 | B355: ='yarn master raw '!B355 -> Blended Yarn | C355: ='yarn master raw '!C355 -> Cotton/Viscose | D355: =IF('yarn master raw '!J355="INR","India","Imported") -> India | E355: ='yarn master raw '!D355 -> Pallava, SCM,kumaragiri | F355: ='yarn master raw '!E355 -> 30's Cot / Vis 52/48 | G355: ='yarn master raw '!F355 -> Standard | H355: ='yarn master raw '!G355 -> 52% Cotton / 48% Viscose | I355: ='yarn master raw '!I355 -> 320 | J355: ='yarn master raw '!H355 -> ₹/kg | K355: ='yarn master raw '!J355 -> INR | L355: =_xlfn.XLOOKUP(K355,'usd inr forecast '!$N$2:$N$6,'usd inr forecast '!$O$2:$O$6,1) -> 1 | M355: =IF(J355="₹/kg",I355*L355,IF(J355="₹/Candy",I355*L355/355.62,IF(J355="₹/Bale",I355*L355/170,I355*L355))) -> 320 | N355: ="₹/kg" -> ₹/kg | O355: ='yarn master raw '!K355 -> Ex-Mill + Freight | P355: ='yarn master raw '!L355 -> Yes | Q355: ='yarn master raw '!M355 -> Viscose Yarn Price Trend | R355: ='yarn master raw '!N355 -> Historical Price | S355: =IFERROR(IF(ISNUMBER(A355),YEAR(A355),IF(ISNUMBER(SEARCH("'",A355)),VALUE("20"&MID(A355,SEARCH("'",A355)+1,2)),IF(ISNUMBER(SEARCH("2023",A355)),2023,IF(ISNUMBER(SEARCH("2024",A355)),2024,IF(ISNUMBER(SEARCH("2025",A355)),2025,IF(ISNUMBER(SEARCH("2026",A355)),2026,2022)))))),"") -> 2022 | T355: =IFERROR(IF(ISNUMBER(A355),TEXT(A355,"mmmm"),IF(ISNUMBER(SEARCH("Jan",A355)),"January",IF(ISNUMBER(SEARCH("Feb",A355)),"February",IF(ISNUMBER(SEARCH("March",A355)),"March",IF(ISNUMBER(SEARCH("April",A355)),"April",IF(ISNUMBER(SEARCH("May",A355)),"May",IF(ISNUMBER(SEARCH("June",A355)),"June",IF(ISNUMBER(SEARCH("July",A355)),"July",IF(ISNUMBER(SEARCH("Aug",A355)),"August",IF(ISNUMBER(SEARCH("Sep",A355)),"September",IF(ISNUMBER(SEARCH("Oct",A355)),"October",IF(ISNUMBER(SEARCH("Nov",A355)),"November",IF(ISNUMBER(SEARCH("Dec",A355)),"December",""))))))))))))),"") -> September
A356: ='yarn master raw '!A356 -> 44812 | B356: ='yarn master raw '!B356 -> Blended Yarn | C356: ='yarn master raw '!C356 -> Cotton/Viscose | D356: =IF('yarn master raw '!J356="INR","India","Imported") -> India | E356: ='yarn master raw '!D356 -> Pallava, SCM,kumaragiri | F356: ='yarn master raw '!E356 -> 40's Cot / Vis 52/48 | G356: ='yarn master raw '!F356 -> Standard | H356: ='yarn master raw '!G356 -> 52% Cotton / 48% Viscose | I356: ='yarn master raw '!I356 -> 350 | J356: ='yarn master raw '!H356 -> ₹/kg | K356: ='yarn master raw '!J356 -> INR | L356: =_xlfn.XLOOKUP(K356,'usd inr forecast '!$N$2:$N$6,'usd inr forecast '!$O$2:$O$6,1) -> 1 | M356: =IF(J356="₹/kg",I356*L356,IF(J356="₹/Candy",I356*L356/355.62,IF(J356="₹/Bale",I356*L356/170,I356*L356))) -> 350 | N356: ="₹/kg" -> ₹/kg | O356: ='yarn master raw '!K356 -> Ex-Mill + Freight | P356: ='yarn master raw '!L356 -> Yes | Q356: ='yarn master raw '!M356 -> Viscose Yarn Price Trend | R356: ='yarn master raw '!N356 -> Historical Price | S356: =IFERROR(IF(ISNUMBER(A356),YEAR(A356),IF(ISNUMBER(SEARCH("'",A356)),VALUE("20"&MID(A356,SEARCH("'",A356)+1,2)),IF(ISNUMBER(SEARCH("2023",A356)),2023,IF(ISNUMBER(SEARCH("2024",A356)),2024,IF(ISNUMBER(SEARCH("2025",A356)),2025,IF(ISNUMBER(SEARCH("2026",A356)),2026,2022)))))),"") -> 2022 | T356: =IFERROR(IF(ISNUMBER(A356),TEXT(A356,"mmmm"),IF(ISNUMBER(SEARCH("Jan",A356)),"January",IF(ISNUMBER(SEARCH("Feb",A356)),"February",IF(ISNUMBER(SEARCH("March",A356)),"March",IF(ISNUMBER(SEARCH("April",A356)),"April",IF(ISNUMBER(SEARCH("May",A356)),"May",IF(ISNUMBER(SEARCH("June",A356)),"June",IF(ISNUMBER(SEARCH("July",A356)),"July",IF(ISNUMBER(SEARCH("Aug",A356)),"August",IF(ISNUMBER(SEARCH("Sep",A356)),"September",IF(ISNUMBER(SEARCH("Oct",A356)),"October",IF(ISNUMBER(SEARCH("Nov",A356)),"November",IF(ISNUMBER(SEARCH("Dec",A356)),"December",""))))))))))))),"") -> September
... A874: ='yarn master raw '!A874 -> 46197 | B874: ='yarn master raw '!B874 -> Blended Yarn | C874: ='yarn master raw '!C874 -> Cotton/Viscose | D874: =IF('yarn master raw '!J874="INR","India","Imported") -> India | E874: ='yarn master raw '!D874 -> Pallava, SCM,kumaragiri | F874: ='yarn master raw '!E874 -> 30's Cot / Vis 52/48 | G874: ='yarn master raw '!F874 -> Standard | H874: ='yarn master raw '!G874 -> 52% Cotton / 48% Viscose | I874: ='yarn master raw '!I874 -> 310-320 | J874: ='yarn master raw '!H874 -> ₹/kg | K874: ='yarn master raw '!J874 -> INR | L874: =_xlfn.XLOOKUP(K874,'usd inr forecast '!$N$2:$N$6,'usd inr forecast '!$O$2:$O$6,1) -> 1 | M874: =IF(J874="₹/kg",I874*L874,IF(J874="₹/Candy",I874*L874/355.62,IF(J874="₹/Bale",I874*L874/170,I874*L874))) -> #VALUE! | N874: ="₹/kg" -> ₹/kg | O874: ='yarn master raw '!K874 -> Ex-Mill + Freight | P874: ='yarn master raw '!L874 -> Yes | Q874: ='yarn master raw '!M874 -> Viscose Yarn Price Trend | R874: ='yarn master raw '!N874 -> Historical Price | S874: =IFERROR(IF(ISNUMBER(A874),YEAR(A874),IF(ISNUMBER(SEARCH("'",A874)),VALUE("20"&MID(A874,SEARCH("'",A874)+1,2)),IF(ISNUMBER(SEARCH("2023",A874)),2023,IF(ISNUMBER(SEARCH("2024",A874)),2024,IF(ISNUMBER(SEARCH("2025",A874)),2025,IF(ISNUMBER(SEARCH("2026",A874)),2026,2022)))))),"") -> 2026 | T874: =IFERROR(IF(ISNUMBER(A874),TEXT(A874,"mmmm"),IF(ISNUMBER(SEARCH("Jan",A874)),"January",IF(ISNUMBER(SEARCH("Feb",A874)),"February",IF(ISNUMBER(SEARCH("March",A874)),"March",IF(ISNUMBER(SEARCH("April",A874)),"April",IF(ISNUMBER(SEARCH("May",A874)),"May",IF(ISNUMBER(SEARCH("June",A874)),"June",IF(ISNUMBER(SEARCH("July",A874)),"July",IF(ISNUMBER(SEARCH("Aug",A874)),"August",IF(ISNUMBER(SEARCH("Sep",A874)),"September",IF(ISNUMBER(SEARCH("Oct",A874)),"October",IF(ISNUMBER(SEARCH("Nov",A874)),"November",IF(ISNUMBER(SEARCH("Dec",A874)),"December",""))))))))))))),"") -> June
A875: 46143 | B875: ='yarn master raw '!B875 -> Viscose Yarn | C875: ='yarn master raw '!C875 -> Viscose | D875: =IF('yarn master raw '!J875="INR","India","Imported") -> India | E875: ='yarn master raw '!D875 -> Victory,KPN, KKP, Kumaragiri, VTS, Eveready | F875: ='yarn master raw '!E875 -> 20's | G875: ='yarn master raw '!F875 -> Standard | H875: ='yarn master raw '!G875 -> 100% Viscose | I875: ='yarn master raw '!I875 -> 0.04 | J875: ='yarn master raw '!H875 -> ₹/kg | K875: ='yarn master raw '!J875 -> INR | L875: =_xlfn.XLOOKUP(K875,'usd inr forecast '!$N$2:$N$6,'usd inr forecast '!$O$2:$O$6,1) -> 1 | M875: =IF(J875="₹/kg",I875*L875,IF(J875="₹/Candy",I875*L875/355.62,IF(J875="₹/Bale",I875*L875/170,I875*L875))) -> 0.04 | N875: ="₹/kg" -> ₹/kg | O875: ='yarn master raw '!K875 -> Ex-Mill + Freight | P875: ='yarn master raw '!L875 -> Yes | Q875: ='yarn master raw '!M875 -> Viscose Yarn Price Trend | R875: ='yarn master raw '!N875 -> Historical Price | S875: =IFERROR(IF(ISNUMBER(A875),YEAR(A875),IF(ISNUMBER(SEARCH("'",A875)),VALUE("20"&MID(A875,SEARCH("'",A875)+1,2)),IF(ISNUMBER(SEARCH("2023",A875)),2023,IF(ISNUMBER(SEARCH("2024",A875)),2024,IF(ISNUMBER(SEARCH("2025",A875)),2025,IF(ISNUMBER(SEARCH("2026",A875)),2026,2022)))))),"") -> 2026 | T875: =IFERROR(IF(ISNUMBER(A875),TEXT(A875,"mmmm"),IF(ISNUMBER(SEARCH("Jan",A875)),"January",IF(ISNUMBER(SEARCH("Feb",A875)),"February",IF(ISNUMBER(SEARCH("March",A875)),"March",IF(ISNUMBER(SEARCH("April",A875)),"April",IF(ISNUMBER(SEARCH("May",A875)),"May",IF(ISNUMBER(SEARCH("June",A875)),"June",IF(ISNUMBER(SEARCH("July",A875)),"July",IF(ISNUMBER(SEARCH("Aug",A875)),"August",IF(ISNUMBER(SEARCH("Sep",A875)),"September",IF(ISNUMBER(SEARCH("Oct",A875)),"October",IF(ISNUMBER(SEARCH("Nov",A875)),"November",IF(ISNUMBER(SEARCH("Dec",A875)),"December",""))))))))))))),"") -> May
A876: 46143 | B876: ='yarn master raw '!B876 -> Viscose Yarn | C876: ='yarn master raw '!C876 -> Viscose | D876: =IF('yarn master raw '!J876="INR","India","Imported") -> India | E876: ='yarn master raw '!D876 -> KPN,Victory, Chola, SCM, Everready,VTS,Pallava,Mothi | F876: ='yarn master raw '!E876 -> 30's | G876: ='yarn master raw '!F876 -> Standard | H876: ='yarn master raw '!G876 -> 100% Viscose | I876: ='yarn master raw '!I876 -> 4-6% | J876: ='yarn master raw '!H876 -> ₹/kg | K876: ='yarn master raw '!J876 -> INR | L876: =_xlfn.XLOOKUP(K876,'usd inr forecast '!$N$2:$N$6,'usd inr forecast '!$O$2:$O$6,1) -> 1 | M876: =IF(J876="₹/kg",I876*L876,IF(J876="₹/Candy",I876*L876/355.62,IF(J876="₹/Bale",I876*L876/170,I876*L876))) -> #VALUE! | N876: ="₹/kg" -> ₹/kg | O876: ='yarn master raw '!K876 -> Ex-Mill + Freight | P876: ='yarn master raw '!L876 -> Yes | Q876: ='yarn master raw '!M876 -> Viscose Yarn Price Trend | R876: ='yarn master raw '!N876 -> Historical Price | S876: =IFERROR(IF(ISNUMBER(A876),YEAR(A876),IF(ISNUMBER(SEARCH("'",A876)),VALUE("20"&MID(A876,SEARCH("'",A876)+1,2)),IF(ISNUMBER(SEARCH("2023",A876)),2023,IF(ISNUMBER(SEARCH("2024",A876)),2024,IF(ISNUMBER(SEARCH("2025",A876)),2025,IF(ISNUMBER(SEARCH("2026",A876)),2026,2022)))))),"") -> 2026 | T876: =IFERROR(IF(ISNUMBER(A876),TEXT(A876,"mmmm"),IF(ISNUMBER(SEARCH("Jan",A876)),"January",IF(ISNUMBER(SEARCH("Feb",A876)),"February",IF(ISNUMBER(SEARCH("March",A876)),"March",IF(ISNUMBER(SEARCH("April",A876)),"April",IF(ISNUMBER(SEARCH("May",A876)),"May",IF(ISNUMBER(SEARCH("June",A876)),"June",IF(ISNUMBER(SEARCH("July",A876)),"July",IF(ISNUMBER(SEARCH("Aug",A876)),"August",IF(ISNUMBER(SEARCH("Sep",A876)),"September",IF(ISNUMBER(SEARCH("Oct",A876)),"October",IF(ISNUMBER(SEARCH("Nov",A876)),"November",IF(ISNUMBER(SEARCH("Dec",A876)),"December",""))))))))))))),"") -> May
A877: 46143 | B877: ='yarn master raw '!B877 -> Viscose Yarn | C877: ='yarn master raw '!C877 -> Viscose | D877: =IF('yarn master raw '!J877="INR","India","Imported") -> India | E877: ='yarn master raw '!D877 -> Pallava, Mothi, Cheran | F877: ='yarn master raw '!E877 -> 30's HT (Z Twist) | G877: ='yarn master raw '!F877 -> HT | H877: ='yarn master raw '!G877 -> 100% Viscose | I877: ='yarn master raw '!I877 -> 10-13% | J877: ='yarn master raw '!H877 -> ₹/kg | K877: ='yarn master raw '!J877 -> INR | L877: =_xlfn.XLOOKUP(K877,'usd inr forecast '!$N$2:$N$6,'usd inr forecast '!$O$2:$O$6,1) -> 1 | M877: =IF(J877="₹/kg",I877*L877,IF(J877="₹/Candy",I877*L877/355.62,IF(J877="₹/Bale",I877*L877/170,I877*L877))) -> #VALUE! | N877: ="₹/kg" -> ₹/kg | O877: ='yarn master raw '!K877 -> Ex-Mill + Freight | P877: ='yarn master raw '!L877 -> Yes | Q877: ='yarn master raw '!M877 -> Viscose Yarn Price Trend | R877: ='yarn master raw '!N877 -> Historical Price | S877: =IFERROR(IF(ISNUMBER(A877),YEAR(A877),IF(ISNUMBER(SEARCH("'",A877)),VALUE("20"&MID(A877,SEARCH("'",A877)+1,2)),IF(ISNUMBER(SEARCH("2023",A877)),2023,IF(ISNUMBER(SEARCH("2024",A877)),2024,IF(ISNUMBER(SEARCH("2025",A877)),2025,IF(ISNUMBER(SEARCH("2026",A877)),2026,2022)))))),"") -> 2026 | T877: =IFERROR(IF(ISNUMBER(A877),TEXT(A877,"mmmm"),IF(ISNUMBER(SEARCH("Jan",A877)),"January",IF(ISNUMBER(SEARCH("Feb",A877)),"February",IF(ISNUMBER(SEARCH("March",A877)),"March",IF(ISNUMBER(SEARCH("April",A877)),"April",IF(ISNUMBER(SEARCH("May",A877)),"May",IF(ISNUMBER(SEARCH("June",A877)),"June",IF(ISNUMBER(SEARCH("July",A877)),"July",IF(ISNUMBER(SEARCH("Aug",A877)),"August",IF(ISNUMBER(SEARCH("Sep",A877)),"September",IF(ISNUMBER(SEARCH("Oct",A877)),"October",IF(ISNUMBER(SEARCH("Nov",A877)),"November",IF(ISNUMBER(SEARCH("Dec",A877)),"December",""))))))))))))),"") -> May
A878: 46143 | B878: ='yarn master raw '!B878 -> Viscose Yarn | C878: ='yarn master raw '!C878 -> Viscose | D878: =IF('yarn master raw '!J878="INR","India","Imported") -> India | E878: ='yarn master raw '!D878 -> Multiple Mills | F878: ='yarn master raw '!E878 -> 30s vis slub | G878: ='yarn master raw '!F878 -> Slub | H878: ='yarn master raw '!G878 -> 100% Viscose | I878: ='yarn master raw '!I878 -> 8-9% | J878: ='yarn master raw '!H878 -> ₹/kg | K878: ='yarn master raw '!J878 -> INR | L878: =_xlfn.XLOOKUP(K878,'usd inr forecast '!$N$2:$N$6,'usd inr forecast '!$O$2:$O$6,1) -> 1 | M878: =IF(J878="₹/kg",I878*L878,IF(J878="₹/Candy",I878*L878/355.62,IF(J878="₹/Bale",I878*L878/170,I878*L878))) -> #VALUE! | N878: ="₹/kg" -> ₹/kg | O878: ='yarn master raw '!K878 -> Ex-Mill + Freight | P878: ='yarn master raw '!L878 -> Yes | Q878: ='yarn master raw '!M878 -> Viscose Yarn Price Trend | R878: ='yarn master raw '!N878 -> Historical Price | S878: =IFERROR(IF(ISNUMBER(A878),YEAR(A878),IF(ISNUMBER(SEARCH("'",A878)),VALUE("20"&MID(A878,SEARCH("'",A878)+1,2)),IF(ISNUMBER(SEARCH("2023",A878)),2023,IF(ISNUMBER(SEARCH("2024",A878)),2024,IF(ISNUMBER(SEARCH("2025",A878)),2025,IF(ISNUMBER(SEARCH("2026",A878)),2026,2022)))))),"") -> 2026 | T878: =IFERROR(IF(ISNUMBER(A878),TEXT(A878,"mmmm"),IF(ISNUMBER(SEARCH("Jan",A878)),"January",IF(ISNUMBER(SEARCH("Feb",A878)),"February",IF(ISNUMBER(SEARCH("March",A878)),"March",IF(ISNUMBER(SEARCH("April",A878)),"April",IF(ISNUMBER(SEARCH("May",A878)),"May",IF(ISNUMBER(SEARCH("June",A878)),"June",IF(ISNUMBER(SEARCH("July",A878)),"July",IF(ISNUMBER(SEARCH("Aug",A878)),"August",IF(ISNUMBER(SEARCH("Sep",A878)),"September",IF(ISNUMBER(SEARCH("Oct",A878)),"October",IF(ISNUMBER(SEARCH("Nov",A878)),"November",IF(ISNUMBER(SEARCH("Dec",A878)),"December",""))))))))))))),"") -> May
A879: 46143 | B879: ='yarn master raw '!B879 -> Viscose Yarn | C879: ='yarn master raw '!C879 -> Viscose | D879: =IF('yarn master raw '!J879="INR","India","Imported") -> India | E879: ='yarn master raw '!D879 -> Multiple Mills | F879: ='yarn master raw '!E879 -> 30s Vis comp | G879: ='yarn master raw '!F879 -> Compact | H879: ='yarn master raw '!G879 -> 100% Viscose | I879: ='yarn master raw '!I879 -> 0.11 | J879: ='yarn master raw '!H879 -> ₹/kg | K879: ='yarn master raw '!J879 -> INR | L879: =_xlfn.XLOOKUP(K879,'usd inr forecast '!$N$2:$N$6,'usd inr forecast '!$O$2:$O$6,1) -> 1 | M879: =IF(J879="₹/kg",I879*L879,IF(J879="₹/Candy",I879*L879/355.62,IF(J879="₹/Bale",I879*L879/170,I879*L879))) -> 0.11 | N879: ="₹/kg" -> ₹/kg | O879: ='yarn master raw '!K879 -> Ex-Mill + Freight | P879: ='yarn master raw '!L879 -> Yes | Q879: ='yarn master raw '!M879 -> Viscose Yarn Price Trend | R879: ='yarn master raw '!N879 -> Historical Price | S879: =IFERROR(IF(ISNUMBER(A879),YEAR(A879),IF(ISNUMBER(SEARCH("'",A879)),VALUE("20"&MID(A879,SEARCH("'",A879)+1,2)),IF(ISNUMBER(SEARCH("2023",A879)),2023,IF(ISNUMBER(SEARCH("2024",A879)),2024,IF(ISNUMBER(SEARCH("2025",A879)),2025,IF(ISNUMBER(SEARCH("2026",A879)),2026,2022)))))),"") -> 2026 | T879: =IFERROR(IF(ISNUMBER(A879),TEXT(A879,"mmmm"),IF(ISNUMBER(SEARCH("Jan",A879)),"January",IF(ISNUMBER(SEARCH("Feb",A879)),"February",IF(ISNUMBER(SEARCH("March",A879)),"March",IF(ISNUMBER(SEARCH("April",A879)),"April",IF(ISNUMBER(SEARCH("May",A879)),"May",IF(ISNUMBER(SEARCH("June",A879)),"June",IF(ISNUMBER(SEARCH("July",A879)),"July",IF(ISNUMBER(SEARCH("Aug",A879)),"August",IF(ISNUMBER(SEARCH("Sep",A879)),"September",IF(ISNUMBER(SEARCH("Oct",A879)),"October",IF(ISNUMBER(SEARCH("Nov",A879)),"November",IF(ISNUMBER(SEARCH("Dec",A879)),"December",""))))))))))))),"") -> May
A880: 46143 | B880: ='yarn master raw '!B880 -> Viscose Yarn | C880: ='yarn master raw '!C880 -> Viscose | D880: =IF('yarn master raw '!J880="INR","India","Imported") -> India | E880: ='yarn master raw '!D880 -> Pallava, Lucky, VTS | F880: ='yarn master raw '!E880 -> 30's Liva Eco | G880: ='yarn master raw '!F880 -> Liva Eco | H880: ='yarn master raw '!G880 -> 100% Viscose | I880: ='yarn master raw '!I880 -> 2-3% | J880: ='yarn master raw '!H880 -> ₹/kg | K880: ='yarn master raw '!J880 -> INR | L880: =_xlfn.XLOOKUP(K880,'usd inr forecast '!$N$2:$N$6,'usd inr forecast '!$O$2:$O$6,1) -> 1 | M880: =IF(J880="₹/kg",I880*L880,IF(J880="₹/Candy",I880*L880/355.62,IF(J880="₹/Bale",I880*L880/170,I880*L880))) -> #VALUE! | N880: ="₹/kg" -> ₹/kg | O880: ='yarn master raw '!K880 -> Ex-Mill + Freight | P880: ='yarn master raw '!L880 -> Yes | Q880: ='yarn master raw '!M880 -> Viscose Yarn Price Trend | R880: ='yarn master raw '!N880 -> Historical Price | S880: =IFERROR(IF(ISNUMBER(A880),YEAR(A880),IF(ISNUMBER(SEARCH("'",A880)),VALUE("20"&MID(A880,SEARCH("'",A880)+1,2)),IF(ISNUMBER(SEARCH("2023",A880)),2023,IF(ISNUMBER(SEARCH("2024",A880)),2024,IF(ISNUMBER(SEARCH("2025",A880)),2025,IF(ISNUMBER(SEARCH("2026",A880)),2026,2022)))))),"") -> 2026 | T880: =IFERROR(IF(ISNUMBER(A880),TEXT(A880,"mmmm"),IF(ISNUMBER(SEARCH("Jan",A880)),"January",IF(ISNUMBER(SEARCH("Feb",A880)),"February",IF(ISNUMBER(SEARCH("March",A880)),"March",IF(ISNUMBER(SEARCH("April",A880)),"April",IF(ISNUMBER(SEARCH("May",A880)),"May",IF(ISNUMBER(SEARCH("June",A880)),"June",IF(ISNUMBER(SEARCH("July",A880)),"July",IF(ISNUMBER(SEARCH("Aug",A880)),"August",IF(ISNUMBER(SEARCH("Sep",A880)),"September",IF(ISNUMBER(SEARCH("Oct",A880)),"October",IF(ISNUMBER(SEARCH("Nov",A880)),"November",IF(ISNUMBER(SEARCH("Dec",A880)),"December",""))))))))))))),"") -> May
A881: 46143 | B881: ='yarn master raw '!B881 -> Viscose Yarn | C881: ='yarn master raw '!C881 -> Viscose | D881: =IF('yarn master raw '!J881="INR","India","Imported") -> India | E881: ='yarn master raw '!D881 -> VTS, Bharathi Spintex, Mothi | F881: ='yarn master raw '!E881 -> 30's Liva Eco HT (Z Twist) | G881: ='yarn master raw '!F881 -> Liva Eco | H881: ='yarn master raw '!G881 -> 100% Viscose | I881: ='yarn master raw '!I881 -> 2-3% | J881: ='yarn master raw '!H881 -> ₹/kg | K881: ='yarn master raw '!J881 -> INR | L881: =_xlfn.XLOOKUP(K881,'usd inr forecast '!$N$2:$N$6,'usd inr forecast '!$O$2:$O$6,1) -> 1 | M881: =IF(J881="₹/kg",I881*L881,IF(J881="₹/Candy",I881*L881/355.62,IF(J881="₹/Bale",I881*L881/170,I881*L881))) -> #VALUE! | N881: ="₹/kg" -> ₹/kg | O881: ='yarn master raw '!K881 -> Ex-Mill + Freight | P881: ='yarn master raw '!L881 -> Yes | Q881: ='yarn master raw '!M881 -> Viscose Yarn Price Trend | R881: ='yarn master raw '!N881 -> Historical Price | S881: =IFERROR(IF(ISNUMBER(A881),YEAR(A881),IF(ISNUMBER(SEARCH("'",A881)),VALUE("20"&MID(A881,SEARCH("'",A881)+1,2)),IF(ISNUMBER(SEARCH("2023",A881)),2023,IF(ISNUMBER(SEARCH("2024",A881)),2024,IF(ISNUMBER(SEARCH("2025",A881)),2025,IF(ISNUMBER(SEARCH("2026",A881)),2026,2022)))))),"") -> 2026 | T881: =IFERROR(IF(ISNUMBER(A881),TEXT(A881,"mmmm"),IF(ISNUMBER(SEARCH("Jan",A881)),"January",IF(ISNUMBER(SEARCH("Feb",A881)),"February",IF(ISNUMBER(SEARCH("March",A881)),"March",IF(ISNUMBER(SEARCH("April",A881)),"April",IF(ISNUMBER(SEARCH("May",A881)),"May",IF(ISNUMBER(SEARCH("June",A881)),"June",IF(ISNUMBER(SEARCH("July",A881)),"July",IF(ISNUMBER(SEARCH("Aug",A881)),"August",IF(ISNUMBER(SEARCH("Sep",A881)),"September",IF(ISNUMBER(SEARCH("Oct",A881)),"October",IF(ISNUMBER(SEARCH("Nov",A881)),"November",IF(ISNUMBER(SEARCH("Dec",A881)),"December",""))))))))))))),"") -> May
A882: 46143 | B882: ='yarn master raw '!B882 -> Viscose Yarn | C882: ='yarn master raw '!C882 -> Viscose | D882: =IF('yarn master raw '!J882="INR","India","Imported") -> India | E882: ='yarn master raw '!D882 -> KPN,AGT,VTS,Everready, Pallava, Mothi | F882: ='yarn master raw '!E882 -> 40's | G882: ='yarn master raw '!F882 -> Standard | H882: ='yarn master raw '!G882 -> 100% Viscose | I882: ='yarn master raw '!I882 -> 7-8% | J882: ='yarn master raw '!H882 -> ₹/kg | K882: ='yarn master raw '!J882 -> INR | L882: =_xlfn.XLOOKUP(K882,'usd inr forecast '!$N$2:$N$6,'usd inr forecast '!$O$2:$O$6,1) -> 1 | M882: =IF(J882="₹/kg",I882*L882,IF(J882="₹/Candy",I882*L882/355.62,IF(J882="₹/Bale",I882*L882/170,I882*L882))) -> #VALUE! | N882: ="₹/kg" -> ₹/kg | O882: ='yarn master raw '!K882 -> Ex-Mill + Freight | P882: ='yarn master raw '!L882 -> Yes | Q882: ='yarn master raw '!M882 -> Viscose Yarn Price Trend | R882: ='yarn master raw '!N882 -> Historical Price | S882: =IFERROR(IF(ISNUMBER(A882),YEAR(A882),IF(ISNUMBER(SEARCH("'",A882)),VALUE("20"&MID(A882,SEARCH("'",A882)+1,2)),IF(ISNUMBER(SEARCH("2023",A882)),2023,IF(ISNUMBER(SEARCH("2024",A882)),2024,IF(ISNUMBER(SEARCH("2025",A882)),2025,IF(ISNUMBER(SEARCH("2026",A882)),2026,2022)))))),"") -> 2026 | T882: =IFERROR(IF(ISNUMBER(A882),TEXT(A882,"mmmm"),IF(ISNUMBER(SEARCH("Jan",A882)),"January",IF(ISNUMBER(SEARCH("Feb",A882)),"February",IF(ISNUMBER(SEARCH("March",A882)),"March",IF(ISNUMBER(SEARCH("April",A882)),"April",IF(ISNUMBER(SEARCH("May",A882)),"May",IF(ISNUMBER(SEARCH("June",A882)),"June",IF(ISNUMBER(SEARCH("July",A882)),"July",IF(ISNUMBER(SEARCH("Aug",A882)),"August",IF(ISNUMBER(SEARCH("Sep",A882)),"September",IF(ISNUMBER(SEARCH("Oct",A882)),"October",IF(ISNUMBER(SEARCH("Nov",A882)),"November",IF(ISNUMBER(SEARCH("Dec",A882)),"December",""))))))))))))),"") -> May
A883: 46143 | B883: ='yarn master raw '!B883 -> Viscose Yarn | C883: ='yarn master raw '!C883 -> Viscose | D883: =IF('yarn master raw '!J883="INR","India","Imported") -> India | E883: ='yarn master raw '!D883 -> Gimatex, NKCM, Dhanlakshmi | F883: ='yarn master raw '!E883 -> 2/40's TFO Doubled | G883: ='yarn master raw '!F883 -> TFO Doubled | H883: ='yarn master raw '!G883 -> 100% Viscose | I883: ='yarn master raw '!I883 -> 3-4% | J883: ='yarn master raw '!H883 -> ₹/kg | K883: ='yarn master raw '!J883 -> INR | L883: =_xlfn.XLOOKUP(K883,'usd inr forecast '!$N$2:$N$6,'usd inr forecast '!$O$2:$O$6,1) -> 1 | M883: =IF(J883="₹/kg",I883*L883,IF(J883="₹/Candy",I883*L883/355.62,IF(J883="₹/Bale",I883*L883/170,I883*L883))) -> #VALUE! | N883: ="₹/kg" -> ₹/kg | O883: ='yarn master raw '!K883 -> Ex-Mill + Freight | P883: ='yarn master raw '!L883 -> Yes | Q883: ='yarn master raw '!M883 -> Viscose Yarn Price Trend | R883: ='yarn master raw '!N883 -> Historical Price | S883: =IFERROR(IF(ISNUMBER(A883),YEAR(A883),IF(ISNUMBER(SEARCH("'",A883)),VALUE("20"&MID(A883,SEARCH("'",A883)+1,2)),IF(ISNUMBER(SEARCH("2023",A883)),2023,IF(ISNUMBER(SEARCH("2024",A883)),2024,IF(ISNUMBER(SEARCH("2025",A883)),2025,IF(ISNUMBER(SEARCH("2026",A883)),2026,2022)))))),"") -> 2026 | T883: =IFERROR(IF(ISNUMBER(A883),TEXT(A883,"mmmm"),IF(ISNUMBER(SEARCH("Jan",A883)),"January",IF(ISNUMBER(SEARCH("Feb",A883)),"February",IF(ISNUMBER(SEARCH("March",A883)),"March",IF(ISNUMBER(SEARCH("April",A883)),"April",IF(ISNUMBER(SEARCH("May",A883)),"May",IF(ISNUMBER(SEARCH("June",A883)),"June",IF(ISNUMBER(SEARCH("July",A883)),"July",IF(ISNUMBER(SEARCH("Aug",A883)),"August",IF(ISNUMBER(SEARCH("Sep",A883)),"September",IF(ISNUMBER(SEARCH("Oct",A883)),"October",IF(ISNUMBER(SEARCH("Nov",A883)),"November",IF(ISNUMBER(SEARCH("Dec",A883)),"December",""))))))))))))),"") -> May
A884: 46143 | B884: ='yarn master raw '!B884 -> Viscose Yarn | C884: ='yarn master raw '!C884 -> Viscose | D884: =IF('yarn master raw '!J884="INR","India","Imported") -> India | E884: ='yarn master raw '!D884 -> VTS | F884: ='yarn master raw '!E884 -> 60's Viscose | G884: ='yarn master raw '!F884 -> Standard | H884: ='yarn master raw '!G884 -> 100% Viscose | I884: ='yarn master raw '!I884 -> 1-2% | J884: ='yarn master raw '!H884 -> ₹/kg | K884: ='yarn master raw '!J884 -> INR | L884: =_xlfn.XLOOKUP(K884,'usd inr forecast '!$N$2:$N$6,'usd inr forecast '!$O$2:$O$6,1) -> 1 | M884: =IF(J884="₹/kg",I884*L884,IF(J884="₹/Candy",I884*L884/355.62,IF(J884="₹/Bale",I884*L884/170,I884*L884))) -> #VALUE! | N884: ="₹/kg" -> ₹/kg | O884: ='yarn master raw '!K884 -> Ex-Mill + Freight | P884: ='yarn master raw '!L884 -> Yes | Q884: ='yarn master raw '!M884 -> Viscose Yarn Price Trend | R884: ='yarn master raw '!N884 -> Historical Price | S884: =IFERROR(IF(ISNUMBER(A884),YEAR(A884),IF(ISNUMBER(SEARCH("'",A884)),VALUE("20"&MID(A884,SEARCH("'",A884)+1,2)),IF(ISNUMBER(SEARCH("2023",A884)),2023,IF(ISNUMBER(SEARCH("2024",A884)),2024,IF(ISNUMBER(SEARCH("2025",A884)),2025,IF(ISNUMBER(SEARCH("2026",A884)),2026,2022)))))),"") -> 2026 | T884: =IFERROR(IF(ISNUMBER(A884),TEXT(A884,"mmmm"),IF(ISNUMBER(SEARCH("Jan",A884)),"January",IF(ISNUMBER(SEARCH("Feb",A884)),"February",IF(ISNUMBER(SEARCH("March",A884)),"March",IF(ISNUMBER(SEARCH("April",A884)),"April",IF(ISNUMBER(SEARCH("May",A884)),"May",IF(ISNUMBER(SEARCH("June",A884)),"June",IF(ISNUMBER(SEARCH("July",A884)),"July",IF(ISNUMBER(SEARCH("Aug",A884)),"August",IF(ISNUMBER(SEARCH("Sep",A884)),"September",IF(ISNUMBER(SEARCH("Oct",A884)),"October",IF(ISNUMBER(SEARCH("Nov",A884)),"November",IF(ISNUMBER(SEARCH("Dec",A884)),"December",""))))))))))))),"") -> May
A885: 46143 | B885: ='yarn master raw '!B885 -> Blended Yarn | C885: ='yarn master raw '!C885 -> Cotton/Viscose | D885: =IF('yarn master raw '!J885="INR","India","Imported") -> India | E885: ='yarn master raw '!D885 -> Pallava, SCM,kumaragiri | F885: ='yarn master raw '!E885 -> 30's Cot / Vis 52/48 | G885: ='yarn master raw '!F885 -> Standard | H885: ='yarn master raw '!G885 -> 52% Cotton / 48% Viscose | I885: ='yarn master raw '!I885 -> 2-3% | J885: ='yarn master raw '!H885 -> ₹/kg | K885: ='yarn master raw '!J885 -> INR | L885: =_xlfn.XLOOKUP(K885,'usd inr forecast '!$N$2:$N$6,'usd inr forecast '!$O$2:$O$6,1) -> 1 | M885: =IF(J885="₹/kg",I885*L885,IF(J885="₹/Candy",I885*L885/355.62,IF(J885="₹/Bale",I885*L885/170,I885*L885))) -> #VALUE! | N885: ="₹/kg" -> ₹/kg | O885: ='yarn master raw '!K885 -> Ex-Mill + Freight | P885: ='yarn master raw '!L885 -> Yes | Q885: ='yarn master raw '!M885 -> Viscose Yarn Price Trend | R885: ='yarn master raw '!N885 -> Historical Price | S885: =IFERROR(IF(ISNUMBER(A885),YEAR(A885),IF(ISNUMBER(SEARCH("'",A885)),VALUE("20"&MID(A885,SEARCH("'",A885)+1,2)),IF(ISNUMBER(SEARCH("2023",A885)),2023,IF(ISNUMBER(SEARCH("2024",A885)),2024,IF(ISNUMBER(SEARCH("2025",A885)),2025,IF(ISNUMBER(SEARCH("2026",A885)),2026,2022)))))),"") -> 2026 | T885: =IFERROR(IF(ISNUMBER(A885),TEXT(A885,"mmmm"),IF(ISNUMBER(SEARCH("Jan",A885)),"January",IF(ISNUMBER(SEARCH("Feb",A885)),"February",IF(ISNUMBER(SEARCH("March",A885)),"March",IF(ISNUMBER(SEARCH("April",A885)),"April",IF(ISNUMBER(SEARCH("May",A885)),"May",IF(ISNUMBER(SEARCH("June",A885)),"June",IF(ISNUMBER(SEARCH("July",A885)),"July",IF(ISNUMBER(SEARCH("Aug",A885)),"August",IF(ISNUMBER(SEARCH("Sep",A885)),"September",IF(ISNUMBER(SEARCH("Oct",A885)),"October",IF(ISNUMBER(SEARCH("Nov",A885)),"November",IF(ISNUMBER(SEARCH("Dec",A885)),"December",""))))))))))))),"") -> May
A886: ='yarn master raw '!A886 -> 43556 | B886: ='yarn master raw '!B886 -> Polyester Yarn | C886: ='yarn master raw '!C886 -> Polyester | D886: =IF('yarn master raw '!J886="INR","India","Imported") -> India | E886: ='yarn master raw '!D886 -> Multiple Suppliers | F886: ='yarn master raw '!E886 -> 50/24 | G886: ='yarn master raw '!F886 -> SD | H886: ='yarn master raw '!G886 -> 100% Polyester | I886: ='yarn master raw '!I886 -> 102 | J886: ='yarn master raw '!H886 -> ₹/kg | K886: ='yarn master raw '!J886 -> INR | L886: =_xlfn.XLOOKUP(K886,'usd inr forecast '!$N$2:$N$6,'usd inr forecast '!$O$2:$O$6,1) -> 1 | M886: =IF(J886="₹/kg",I886*L886,IF(J886="₹/Candy",I886*L886/355.62,IF(J886="₹/Bale",I886*L886/170,I886*L886))) -> 102 | N886: ="₹/kg" -> ₹/kg | O886: ='yarn master raw '!K886 -> Ex-Mill | P886: ='yarn master raw '!L886 -> Yes (5%) | Q886: ='yarn master raw '!M886 -> Polyester Yarn Price | R886: ='yarn master raw '!N886 -> Historical Price | S886: =IFERROR(IF(ISNUMBER(A886),YEAR(A886),IF(ISNUMBER(SEARCH("'",A886)),VALUE("20"&MID(A886,SEARCH("'",A886)+1,2)),IF(ISNUMBER(SEARCH("2023",A886)),2023,IF(ISNUMBER(SEARCH("2024",A886)),2024,IF(ISNUMBER(SEARCH("2025",A886)),2025,IF(ISNUMBER(SEARCH("2026",A886)),2026,2022)))))),"") -> 2019 | T886: =IFERROR(IF(ISNUMBER(A886),TEXT(A886,"mmmm"),IF(ISNUMBER(SEARCH("Jan",A886)),"January",IF(ISNUMBER(SEARCH("Feb",A886)),"February",IF(ISNUMBER(SEARCH("March",A886)),"March",IF(ISNUMBER(SEARCH("April",A886)),"April",IF(ISNUMBER(SEARCH("May",A886)),"May",IF(ISNUMBER(SEARCH("June",A886)),"June",IF(ISNUMBER(SEARCH("July",A886)),"July",IF(ISNUMBER(SEARCH("Aug",A886)),"August",IF(ISNUMBER(SEARCH("Sep",A886)),"September",IF(ISNUMBER(SEARCH("Oct",A886)),"October",IF(ISNUMBER(SEARCH("Nov",A886)),"November",IF(ISNUMBER(SEARCH("Dec",A886)),"December",""))))))))))))),"") -> April
A887: ='yarn master raw '!A887 -> 43556 | B887: ='yarn master raw '!B887 -> Polyester Yarn | C887: ='yarn master raw '!C887 -> Polyester | D887: =IF('yarn master raw '!J887="INR","India","Imported") -> India | E887: ='yarn master raw '!D887 -> Multiple Suppliers | F887: ='yarn master raw '!E887 -> 70/72 | G887: ='yarn master raw '!F887 -> SD | H887: ='yarn master raw '!G887 -> 100% Polyester | I887: ='yarn master raw '!I887 -> 95 | J887: ='yarn master raw '!H887 -> ₹/kg | K887: ='yarn master raw '!J887 -> INR | L887: =_xlfn.XLOOKUP(K887,'usd inr forecast '!$N$2:$N$6,'usd inr forecast '!$O$2:$O$6,1) -> 1 | M887: =IF(J887="₹/kg",I887*L887,IF(J887="₹/Candy",I887*L887/355.62,IF(J887="₹/Bale",I887*L887/170,I887*L887))) -> 95 | N887: ="₹/kg" -> ₹/kg | O887: ='yarn master raw '!K887 -> Ex-Mill | P887: ='yarn master raw '!L887 -> Yes (5%) | Q887: ='yarn master raw '!M887 -> Polyester Yarn Price | R887: ='yarn master raw '!N887 -> Historical Price | S887: =IFERROR(IF(ISNUMBER(A887),YEAR(A887),IF(ISNUMBER(SEARCH("'",A887)),VALUE("20"&MID(A887,SEARCH("'",A887)+1,2)),IF(ISNUMBER(SEARCH("2023",A887)),2023,IF(ISNUMBER(SEARCH("2024",A887)),2024,IF(ISNUMBER(SEARCH("2025",A887)),2025,IF(ISNUMBER(SEARCH("2026",A887)),2026,2022)))))),"") -> 2019 | T887: =IFERROR(IF(ISNUMBER(A887),TEXT(A887,"mmmm"),IF(ISNUMBER(SEARCH("Jan",A887)),"January",IF(ISNUMBER(SEARCH("Feb",A887)),"February",IF(ISNUMBER(SEARCH("March",A887)),"March",IF(ISNUMBER(SEARCH("April",A887)),"April",IF(ISNUMBER(SEARCH("May",A887)),"May",IF(ISNUMBER(SEARCH("June",A887)),"June",IF(ISNUMBER(SEARCH("July",A887)),"July",IF(ISNUMBER(SEARCH("Aug",A887)),"August",IF(ISNUMBER(SEARCH("Sep",A887)),"September",IF(ISNUMBER(SEARCH("Oct",A887)),"October",IF(ISNUMBER(SEARCH("Nov",A887)),"November",IF(ISNUMBER(SEARCH("Dec",A887)),"December",""))))))))))))),"") -> April
A888: ='yarn master raw '!A888 -> 43556 | B888: ='yarn master raw '!B888 -> Polyester Yarn | C888: ='yarn master raw '!C888 -> Polyester | D888: =IF('yarn master raw '!J888="INR","India","Imported") -> India | E888: ='yarn master raw '!D888 -> Multiple Suppliers | F888: ='yarn master raw '!E888 -> 70/72 | G888: ='yarn master raw '!F888 -> Super Bright | H888: ='yarn master raw '!G888 -> 100% Polyester | I888: ='yarn master raw '!I888 -> 98 | J888: ='yarn master raw '!H888 -> ₹/kg | K888: ='yarn master raw '!J888 -> INR | L888: =_xlfn.XLOOKUP(K888,'usd inr forecast '!$N$2:$N$6,'usd inr forecast '!$O$2:$O$6,1) -> 1 | M888: =IF(J888="₹/kg",I888*L888,IF(J888="₹/Candy",I888*L888/355.62,IF(J888="₹/Bale",I888*L888/170,I888*L888))) -> 98 | N888: ="₹/kg" -> ₹/kg | O888: ='yarn master raw '!K888 -> Ex-Mill | P888: ='yarn master raw '!L888 -> Yes (5%) | Q888: ='yarn master raw '!M888 -> Polyester Yarn Price | R888: ='yarn master raw '!N888 -> Historical Price | S888: =IFERROR(IF(ISNUMBER(A888),YEAR(A888),IF(ISNUMBER(SEARCH("'",A888)),VALUE("20"&MID(A888,SEARCH("'",A888)+1,2)),IF(ISNUMBER(SEARCH("2023",A888)),2023,IF(ISNUMBER(SEARCH("2024",A888)),2024,IF(ISNUMBER(SEARCH("2025",A888)),2025,IF(ISNUMBER(SEARCH("2026",A888)),2026,2022)))))),"") -> 2019 | T888: =IFERROR(IF(ISNUMBER(A888),TEXT(A888,"mmmm"),IF(ISNUMBER(SEARCH("Jan",A888)),"January",IF(ISNUMBER(SEARCH("Feb",A888)),"February",IF(ISNUMBER(SEARCH("March",A888)),"March",IF(ISNUMBER(SEARCH("April",A888)),"April",IF(ISNUMBER(SEARCH("May",A888)),"May",IF(ISNUMBER(SEARCH("June",A888)),"June",IF(ISNUMBER(SEARCH("July",A888)),"July",IF(ISNUMBER(SEARCH("Aug",A888)),"August",IF(ISNUMBER(SEARCH("Sep",A888)),"September",IF(ISNUMBER(SEARCH("Oct",A888)),"October",IF(ISNUMBER(SEARCH("Nov",A888)),"November",IF(ISNUMBER(SEARCH("Dec",A888)),"December",""))))))))))))),"") -> April
A889: ='yarn master raw '!A889 -> 43556 | B889: ='yarn master raw '!B889 -> Polyester Yarn | C889: ='yarn master raw '!C889 -> Polyester | D889: =IF('yarn master raw '!J889="INR","India","Imported") -> India | E889: ='yarn master raw '!D889 -> Multiple Suppliers | F889: ='yarn master raw '!E889 -> 100/96 | G889: ='yarn master raw '!F889 -> SD | H889: ='yarn master raw '!G889 -> 100% Polyester | I889: ='yarn master raw '!I889 -> 99.5 | J889: ='yarn master raw '!H889 -> ₹/kg | K889: ='yarn master raw '!J889 -> INR | L889: =_xlfn.XLOOKUP(K889,'usd inr forecast '!$N$2:$N$6,'usd inr forecast '!$O$2:$O$6,1) -> 1 | M889: =IF(J889="₹/kg",I889*L889,IF(J889="₹/Candy",I889*L889/355.62,IF(J889="₹/Bale",I889*L889/170,I889*L889))) -> 99.5 | N889: ="₹/kg" -> ₹/kg | O889: ='yarn master raw '!K889 -> Ex-Mill | P889: ='yarn master raw '!L889 -> Yes (5%) | Q889: ='yarn master raw '!M889 -> Polyester Yarn Price | R889: ='yarn master raw '!N889 -> Historical Price | S889: =IFERROR(IF(ISNUMBER(A889),YEAR(A889),IF(ISNUMBER(SEARCH("'",A889)),VALUE("20"&MID(A889,SEARCH("'",A889)+1,2)),IF(ISNUMBER(SEARCH("2023",A889)),2023,IF(ISNUMBER(SEARCH("2024",A889)),2024,IF(ISNUMBER(SEARCH("2025",A889)),2025,IF(ISNUMBER(SEARCH("2026",A889)),2026,2022)))))),"") -> 2019 | T889: =IFERROR(IF(ISNUMBER(A889),TEXT(A889,"mmmm"),IF(ISNUMBER(SEARCH("Jan",A889)),"January",IF(ISNUMBER(SEARCH("Feb",A889)),"February",IF(ISNUMBER(SEARCH("March",A889)),"March",IF(ISNUMBER(SEARCH("April",A889)),"April",IF(ISNUMBER(SEARCH("May",A889)),"May",IF(ISNUMBER(SEARCH("June",A889)),"June",IF(ISNUMBER(SEARCH("July",A889)),"July",IF(ISNUMBER(SEARCH("Aug",A889)),"August",IF(ISNUMBER(SEARCH("Sep",A889)),"September",IF(ISNUMBER(SEARCH("Oct",A889)),"October",IF(ISNUMBER(SEARCH("Nov",A889)),"November",IF(ISNUMBER(SEARCH("Dec",A889)),"December",""))))))))))))),"") -> April
A890: ='yarn master raw '!A890 -> 43556 | B890: ='yarn master raw '!B890 -> Polyester Yarn | C890: ='yarn master raw '!C890 -> Polyester | D890: =IF('yarn master raw '!J890="INR","India","Imported") -> India | E890: ='yarn master raw '!D890 -> Multiple Suppliers | F890: ='yarn master raw '!E890 -> 150/48 | G890: ='yarn master raw '!F890 -> SD | H890: ='yarn master raw '!G890 -> 100% Polyester | I890: ='yarn master raw '!I890 -> 94.5 | J890: ='yarn master raw '!H890 -> ₹/kg | K890: ='yarn master raw '!J890 -> INR | L890: =_xlfn.XLOOKUP(K890,'usd inr forecast '!$N$2:$N$6,'usd inr forecast '!$O$2:$O$6,1) -> 1 | M890: =IF(J890="₹/kg",I890*L890,IF(J890="₹/Candy",I890*L890/355.62,IF(J890="₹/Bale",I890*L890/170,I890*L890))) -> 94.5 | N890: ="₹/kg" -> ₹/kg | O890: ='yarn master raw '!K890 -> Ex-Mill | P890: ='yarn master raw '!L890 -> Yes (5%) | Q890: ='yarn master raw '!M890 -> Polyester Yarn Price | R890: ='yarn master raw '!N890 -> Historical Price | S890: =IFERROR(IF(ISNUMBER(A890),YEAR(A890),IF(ISNUMBER(SEARCH("'",A890)),VALUE("20"&MID(A890,SEARCH("'",A890)+1,2)),IF(ISNUMBER(SEARCH("2023",A890)),2023,IF(ISNUMBER(SEARCH("2024",A890)),2024,IF(ISNUMBER(SEARCH("2025",A890)),2025,IF(ISNUMBER(SEARCH("2026",A890)),2026,2022)))))),"") -> 2019 | T890: =IFERROR(IF(ISNUMBER(A890),TEXT(A890,"mmmm"),IF(ISNUMBER(SEARCH("Jan",A890)),"January",IF(ISNUMBER(SEARCH("Feb",A890)),"February",IF(ISNUMBER(SEARCH("March",A890)),"March",IF(ISNUMBER(SEARCH("April",A890)),"April",IF(ISNUMBER(SEARCH("May",A890)),"May",IF(ISNUMBER(SEARCH("June",A890)),"June",IF(ISNUMBER(SEARCH("July",A890)),"July",IF(ISNUMBER(SEARCH("Aug",A890)),"August",IF(ISNUMBER(SEARCH("Sep",A890)),"September",IF(ISNUMBER(SEARCH("Oct",A890)),"October",IF(ISNUMBER(SEARCH("Nov",A890)),"November",IF(ISNUMBER(SEARCH("Dec",A890)),"December",""))))))))))))),"") -> April
A891: ='yarn master raw '!A891 -> 43556 | B891: ='yarn master raw '!B891 -> Polyester Yarn | C891: ='yarn master raw '!C891 -> Polyester | D891: =IF('yarn master raw '!J891="INR","India","Imported") -> India | E891: ='yarn master raw '!D891 -> Multiple Suppliers | F891: ='yarn master raw '!E891 -> 300/96 | G891: ='yarn master raw '!F891 -> SD | H891: ='yarn master raw '!G891 -> 100% Polyester | I891: ='yarn master raw '!I891 -> 95.5 | J891: ='yarn master raw '!H891 -> ₹/kg | K891: ='yarn master raw '!J891 -> INR | L891: =_xlfn.XLOOKUP(K891,'usd inr forecast '!$N$2:$N$6,'usd inr forecast '!$O$2:$O$6,1) -> 1 | M891: =IF(J891="₹/kg",I891*L891,IF(J891="₹/Candy",I891*L891/355.62,IF(J891="₹/Bale",I891*L891/170,I891*L891))) -> 95.5 | N891: ="₹/kg" -> ₹/kg | O891: ='yarn master raw '!K891 -> Ex-Mill | P891: ='yarn master raw '!L891 -> Yes (5%) | Q891: ='yarn master raw '!M891 -> Polyester Yarn Price | R891: ='yarn master raw '!N891 -> Historical Price | S891: =IFERROR(IF(ISNUMBER(A891),YEAR(A891),IF(ISNUMBER(SEARCH("'",A891)),VALUE("20"&MID(A891,SEARCH("'",A891)+1,2)),IF(ISNUMBER(SEARCH("2023",A891)),2023,IF(ISNUMBER(SEARCH("2024",A891)),2024,IF(ISNUMBER(SEARCH("2025",A891)),2025,IF(ISNUMBER(SEARCH("2026",A891)),2026,2022)))))),"") -> 2019 | T891: =IFERROR(IF(ISNUMBER(A891),TEXT(A891,"mmmm"),IF(ISNUMBER(SEARCH("Jan",A891)),"January",IF(ISNUMBER(SEARCH("Feb",A891)),"February",IF(ISNUMBER(SEARCH("March",A891)),"March",IF(ISNUMBER(SEARCH("April",A891)),"April",IF(ISNUMBER(SEARCH("May",A891)),"May",IF(ISNUMBER(SEARCH("June",A891)),"June",IF(ISNUMBER(SEARCH("July",A891)),"July",IF(ISNUMBER(SEARCH("Aug",A891)),"August",IF(ISNUMBER(SEARCH("Sep",A891)),"September",IF(ISNUMBER(SEARCH("Oct",A891)),"October",IF(ISNUMBER(SEARCH("Nov",A891)),"November",IF(ISNUMBER(SEARCH("Dec",A891)),"December",""))))))))))))),"") -> April
A892: ='yarn master raw '!A892 -> 43556 | B892: ='yarn master raw '!B892 -> Polyester Yarn | C892: ='yarn master raw '!C892 -> Polyester | D892: =IF('yarn master raw '!J892="INR","India","Imported") -> India | E892: ='yarn master raw '!D892 -> Multiple Suppliers | F892: ='yarn master raw '!E892 -> 135/108 | G892: ='yarn master raw '!F892 -> BSY | H892: ='yarn master raw '!G892 -> 100% Polyester | I892: ='yarn master raw '!I892 -> 128 | J892: ='yarn master raw '!H892 -> ₹/kg | K892: ='yarn master raw '!J892 -> INR | L892: =_xlfn.XLOOKUP(K892,'usd inr forecast '!$N$2:$N$6,'usd inr forecast '!$O$2:$O$6,1) -> 1 | M892: =IF(J892="₹/kg",I892*L892,IF(J892="₹/Candy",I892*L892/355.62,IF(J892="₹/Bale",I892*L892/170,I892*L892))) -> 128 | N892: ="₹/kg" -> ₹/kg | O892: ='yarn master raw '!K892 -> Ex-Mill | P892: ='yarn master raw '!L892 -> Yes (5%) | Q892: ='yarn master raw '!M892 -> Polyester Yarn Price | R892: ='yarn master raw '!N892 -> Historical Price | S892: =IFERROR(IF(ISNUMBER(A892),YEAR(A892),IF(ISNUMBER(SEARCH("'",A892)),VALUE("20"&MID(A892,SEARCH("'",A892)+1,2)),IF(ISNUMBER(SEARCH("2023",A892)),2023,IF(ISNUMBER(SEARCH("2024",A892)),2024,IF(ISNUMBER(SEARCH("2025",A892)),2025,IF(ISNUMBER(SEARCH("2026",A892)),2026,2022)))))),"") -> 2019 | T892: =IFERROR(IF(ISNUMBER(A892),TEXT(A892,"mmmm"),IF(ISNUMBER(SEARCH("Jan",A892)),"January",IF(ISNUMBER(SEARCH("Feb",A892)),"February",IF(ISNUMBER(SEARCH("March",A892)),"March",IF(ISNUMBER(SEARCH("April",A892)),"April",IF(ISNUMBER(SEARCH("May",A892)),"May",IF(ISNUMBER(SEARCH("June",A892)),"June",IF(ISNUMBER(SEARCH("July",A892)),"July",IF(ISNUMBER(SEARCH("Aug",A892)),"August",IF(ISNUMBER(SEARCH("Sep",A892)),"September",IF(ISNUMBER(SEARCH("Oct",A892)),"October",IF(ISNUMBER(SEARCH("Nov",A892)),"November",IF(ISNUMBER(SEARCH("Dec",A892)),"December",""))))))))))))),"") -> April
A893: ='yarn master raw '!A893 -> 43556 | B893: ='yarn master raw '!B893 -> Polyester Yarn | C893: ='yarn master raw '!C893 -> Polyester | D893: =IF('yarn master raw '!J893="INR","India","Imported") -> India | E893: ='yarn master raw '!D893 -> Multiple Suppliers | F893: ='yarn master raw '!E893 -> 80/48 | G893: ='yarn master raw '!F893 -> BSY | H893: ='yarn master raw '!G893 -> 100% Polyester | I893: ='yarn master raw '!I893 -> 136 | J893: ='yarn master raw '!H893 -> ₹/kg | K893: ='yarn master raw '!J893 -> INR | L893: =_xlfn.XLOOKUP(K893,'usd inr forecast '!$N$2:$N$6,'usd inr forecast '!$O$2:$O$6,1) -> 1 | M893: =IF(J893="₹/kg",I893*L893,IF(J893="₹/Candy",I893*L893/355.62,IF(J893="₹/Bale",I893*L893/170,I893*L893))) -> 136 | N893: ="₹/kg" -> ₹/kg | O893: ='yarn master raw '!K893 -> Ex-Mill | P893: ='yarn master raw '!L893 -> Yes (5%) | Q893: ='yarn master raw '!M893 -> Polyester Yarn Price | R893: ='yarn master raw '!N893 -> Historical Price | S893: =IFERROR(IF(ISNUMBER(A893),YEAR(A893),IF(ISNUMBER(SEARCH("'",A893)),VALUE("20"&MID(A893,SEARCH("'",A893)+1,2)),IF(ISNUMBER(SEARCH("2023",A893)),2023,IF(ISNUMBER(SEARCH("2024",A893)),2024,IF(ISNUMBER(SEARCH("2025",A893)),2025,IF(ISNUMBER(SEARCH("2026",A893)),2026,2022)))))),"") -> 2019 | T893: =IFERROR(IF(ISNUMBER(A893),TEXT(A893,"mmmm"),IF(ISNUMBER(SEARCH("Jan",A893)),"January",IF(ISNUMBER(SEARCH("Feb",A893)),"February",IF(ISNUMBER(SEARCH("March",A893)),"March",IF(ISNUMBER(SEARCH("April",A893)),"April",IF(ISNUMBER(SEARCH("May",A893)),"May",IF(ISNUMBER(SEARCH("June",A893)),"June",IF(ISNUMBER(SEARCH("July",A893)),"July",IF(ISNUMBER(SEARCH("Aug",A893)),"August",IF(ISNUMBER(SEARCH("Sep",A893)),"September",IF(ISNUMBER(SEARCH("Oct",A893)),"October",IF(ISNUMBER(SEARCH("Nov",A893)),"November",IF(ISNUMBER(SEARCH("Dec",A893)),"December",""))))))))))))),"") -> April
A894: ='yarn master raw '!A894 -> 43952 | B894: ='yarn master raw '!B894 -> Polyester Yarn | C894: ='yarn master raw '!C894 -> Polyester | D894: =IF('yarn master raw '!J894="INR","India","Imported") -> India | E894: ='yarn master raw '!D894 -> Multiple Suppliers | F894: ='yarn master raw '!E894 -> 50/24 | G894: ='yarn master raw '!F894 -> SD | H894: ='yarn master raw '!G894 -> 100% Polyester | I894: ='yarn master raw '!I894 -> 106 | J894: ='yarn master raw '!H894 -> ₹/kg | K894: ='yarn master raw '!J894 -> INR | L894: =_xlfn.XLOOKUP(K894,'usd inr forecast '!$N$2:$N$6,'usd inr forecast '!$O$2:$O$6,1) -> 1 | M894: =IF(J894="₹/kg",I894*L894,IF(J894="₹/Candy",I894*L894/355.62,IF(J894="₹/Bale",I894*L894/170,I894*L894))) -> 106 | N894: ="₹/kg" -> ₹/kg | O894: ='yarn master raw '!K894 -> Ex-Mill | P894: ='yarn master raw '!L894 -> Yes (5%) | Q894: ='yarn master raw '!M894 -> Polyester Yarn Price | R894: ='yarn master raw '!N894 -> Historical Price | S894: =IFERROR(IF(ISNUMBER(A894),YEAR(A894),IF(ISNUMBER(SEARCH("'",A894)),VALUE("20"&MID(A894,SEARCH("'",A894)+1,2)),IF(ISNUMBER(SEARCH("2023",A894)),2023,IF(ISNUMBER(SEARCH("2024",A894)),2024,IF(ISNUMBER(SEARCH("2025",A894)),2025,IF(ISNUMBER(SEARCH("2026",A894)),2026,2022)))))),"") -> 2020 | T894: =IFERROR(IF(ISNUMBER(A894),TEXT(A894,"mmmm"),IF(ISNUMBER(SEARCH("Jan",A894)),"January",IF(ISNUMBER(SEARCH("Feb",A894)),"February",IF(ISNUMBER(SEARCH("March",A894)),"March",IF(ISNUMBER(SEARCH("April",A894)),"April",IF(ISNUMBER(SEARCH("May",A894)),"May",IF(ISNUMBER(SEARCH("June",A894)),"June",IF(ISNUMBER(SEARCH("July",A894)),"July",IF(ISNUMBER(SEARCH("Aug",A894)),"August",IF(ISNUMBER(SEARCH("Sep",A894)),"September",IF(ISNUMBER(SEARCH("Oct",A894)),"October",IF(ISNUMBER(SEARCH("Nov",A894)),"November",IF(ISNUMBER(SEARCH("Dec",A894)),"December",""))))))))))))),"") -> May
A895: ='yarn master raw '!A895 -> 43952 | B895: ='yarn master raw '!B895 -> Polyester Yarn | C895: ='yarn master raw '!C895 -> Polyester | D895: =IF('yarn master raw '!J895="INR","India","Imported") -> India | E895: ='yarn master raw '!D895 -> Multiple Suppliers | F895: ='yarn master raw '!E895 -> 70/72 | G895: ='yarn master raw '!F895 -> SD | H895: ='yarn master raw '!G895 -> 100% Polyester | I895: ='yarn master raw '!I895 -> 100 | J895: ='yarn master raw '!H895 -> ₹/kg | K895: ='yarn master raw '!J895 -> INR | L895: =_xlfn.XLOOKUP(K895,'usd inr forecast '!$N$2:$N$6,'usd inr forecast '!$O$2:$O$6,1) -> 1 | M895: =IF(J895="₹/kg",I895*L895,IF(J895="₹/Candy",I895*L895/355.62,IF(J895="₹/Bale",I895*L895/170,I895*L895))) -> 100 | N895: ="₹/kg" -> ₹/kg | O895: ='yarn master raw '!K895 -> Ex-Mill | P895: ='yarn master raw '!L895 -> Yes (5%) | Q895: ='yarn master raw '!M895 -> Polyester Yarn Price | R895: ='yarn master raw '!N895 -> Historical Price | S895: =IFERROR(IF(ISNUMBER(A895),YEAR(A895),IF(ISNUMBER(SEARCH("'",A895)),VALUE("20"&MID(A895,SEARCH("'",A895)+1,2)),IF(ISNUMBER(SEARCH("2023",A895)),2023,IF(ISNUMBER(SEARCH("2024",A895)),2024,IF(ISNUMBER(SEARCH("2025",A895)),2025,IF(ISNUMBER(SEARCH("2026",A895)),2026,2022)))))),"") -> 2020 | T895: =IFERROR(IF(ISNUMBER(A895),TEXT(A895,"mmmm"),IF(ISNUMBER(SEARCH("Jan",A895)),"January",IF(ISNUMBER(SEARCH("Feb",A895)),"February",IF(ISNUMBER(SEARCH("March",A895)),"March",IF(ISNUMBER(SEARCH("April",A895)),"April",IF(ISNUMBER(SEARCH("May",A895)),"May",IF(ISNUMBER(SEARCH("June",A895)),"June",IF(ISNUMBER(SEARCH("July",A895)),"July",IF(ISNUMBER(SEARCH("Aug",A895)),"August",IF(ISNUMBER(SEARCH("Sep",A895)),"September",IF(ISNUMBER(SEARCH("Oct",A895)),"October",IF(ISNUMBER(SEARCH("Nov",A895)),"November",IF(ISNUMBER(SEARCH("Dec",A895)),"December",""))))))))))))),"") -> May
A896: ='yarn master raw '!A896 -> 43952 | B896: ='yarn master raw '!B896 -> Polyester Yarn | C896: ='yarn master raw '!C896 -> Polyester | D896: =IF('yarn master raw '!J896="INR","India","Imported") -> India | E896: ='yarn master raw '!D896 -> Multiple Suppliers | F896: ='yarn master raw '!E896 -> 70/72 | G896: ='yarn master raw '!F896 -> Super Bright | H896: ='yarn master raw '!G896 -> 100% Polyester | I896: ='yarn master raw '!I896 -> 102 | J896: ='yarn master raw '!H896 -> ₹/kg | K896: ='yarn master raw '!J896 -> INR | L896: =_xlfn.XLOOKUP(K896,'usd inr forecast '!$N$2:$N$6,'usd inr forecast '!$O$2:$O$6,1) -> 1 | M896: =IF(J896="₹/kg",I896*L896,IF(J896="₹/Candy",I896*L896/355.62,IF(J896="₹/Bale",I896*L896/170,I896*L896))) -> 102 | N896: ="₹/kg" -> ₹/kg | O896: ='yarn master raw '!K896 -> Ex-Mill | P896: ='yarn master raw '!L896 -> Yes (5%) | Q896: ='yarn master raw '!M896 -> Polyester Yarn Price | R896: ='yarn master raw '!N896 -> Historical Price | S896: =IFERROR(IF(ISNUMBER(A896),YEAR(A896),IF(ISNUMBER(SEARCH("'",A896)),VALUE("20"&MID(A896,SEARCH("'",A896)+1,2)),IF(ISNUMBER(SEARCH("2023",A896)),2023,IF(ISNUMBER(SEARCH("2024",A896)),2024,IF(ISNUMBER(SEARCH("2025",A896)),2025,IF(ISNUMBER(SEARCH("2026",A896)),2026,2022)))))),"") -> 2020 | T896: =IFERROR(IF(ISNUMBER(A896),TEXT(A896,"mmmm"),IF(ISNUMBER(SEARCH("Jan",A896)),"January",IF(ISNUMBER(SEARCH("Feb",A896)),"February",IF(ISNUMBER(SEARCH("March",A896)),"March",IF(ISNUMBER(SEARCH("April",A896)),"April",IF(ISNUMBER(SEARCH("May",A896)),"May",IF(ISNUMBER(SEARCH("June",A896)),"June",IF(ISNUMBER(SEARCH("July",A896)),"July",IF(ISNUMBER(SEARCH("Aug",A896)),"August",IF(ISNUMBER(SEARCH("Sep",A896)),"September",IF(ISNUMBER(SEARCH("Oct",A896)),"October",IF(ISNUMBER(SEARCH("Nov",A896)),"November",IF(ISNUMBER(SEARCH("Dec",A896)),"December",""))))))))))))),"") -> May
...

Sheet yarn master raw 
A1: Date | B1: Yarn Category | C1: Material | D1: Supplier/Mill | E1: Count | F1: Variant | G1: Blend/Content | H1: Unit | I1: Price | J1: Currency | K1: Price Basis | L1: GST Included | M1: Source | N1: Remarks
A2: _ July | B2: Cotton Yarn | C2: Cotton | D2: KPR | E2: 16's | F2: Semi-Combed | G2: 100% Cotton | H2: ₹/kg | I2: 364 | J2: INR | K2: Ex-Mill + Freight | L2: No | M2: Cotton Yarn Price Trend | N2: Historical Price
A3: _ July | B3: Cotton Yarn | C3: Cotton | D3: KPR | E3: 20's | F3: Semi-Combed | G3: 100% Cotton | H3: ₹/kg | I3: 367 | J3: INR | K3: Ex-Mill + Freight | L3: No | M3: Cotton Yarn Price Trend | N3: Historical Price
A4: _ July | B4: Cotton Yarn | C4: Cotton | D4: KPR | E4: 24's | F4: Semi-Combed | G4: 100% Cotton | H4: ₹/kg | I4: 376 | J4: INR | K4: Ex-Mill + Freight | L4: No | M4: Cotton Yarn Price Trend | N4: Historical Price
A5: _ July | B5: Cotton Yarn | C5: Cotton | D5: KPR | E5: 30's | F5: Semi-Combed | G5: 100% Cotton | H5: ₹/kg | I5: 388 | J5: INR | K5: Ex-Mill + Freight | L5: No | M5: Cotton Yarn Price Trend | N5: Historical Price
A6: _ July | B6: Cotton Yarn | C6: Cotton | D6: KPR | E6: 34's | F6: Semi-Combed | G6: 100% Cotton | H6: ₹/kg | I6: 402 | J6: INR | K6: Ex-Mill + Freight | L6: No | M6: Cotton Yarn Price Trend | N6: Historical Price
A7: _ July | B7: Cotton Yarn | C7: Cotton | D7: KPR | E7: 40's | F7: Semi-Combed | G7: 100% Cotton | H7: ₹/kg | I7: 423 | J7: INR | K7: Ex-Mill + Freight | L7: No | M7: Cotton Yarn Price Trend | N7: Historical Price
A8: _ Aug | B8: Cotton Yarn | C8: Cotton | D8: KPR | E8: 16's | F8: Semi-Combed | G8: 100% Cotton | H8: ₹/kg | I8: 334 | J8: INR | K8: Ex-Mill + Freight | L8: No | M8: Cotton Yarn Price Trend | N8: Historical Price
A9: _ Aug | B9: Cotton Yarn | C9: Cotton | D9: KPR | E9: 20's | F9: Semi-Combed | G9: 100% Cotton | H9: ₹/kg | I9: 337 | J9: INR | K9: Ex-Mill + Freight | L9: No | M9: Cotton Yarn Price Trend | N9: Historical Price
A10: _ Aug | B10: Cotton Yarn | C10: Cotton | D10: KPR | E10: 24's | F10: Semi-Combed | G10: 100% Cotton | H10: ₹/kg | I10: 346 | J10: INR | K10: Ex-Mill + Freight | L10: No | M10: Cotton Yarn Price Trend | N10: Historical Price
A11: _ Aug | B11: Cotton Yarn | C11: Cotton | D11: KPR | E11: 30's | F11: Semi-Combed | G11: 100% Cotton | H11: ₹/kg | I11: 358 | J11: INR | K11: Ex-Mill + Freight | L11: No | M11: Cotton Yarn Price Trend | N11: Historical Price
A12: _ Aug | B12: Cotton Yarn | C12: Cotton | D12: KPR | E12: 34's | F12: Semi-Combed | G12: 100% Cotton | H12: ₹/kg | I12: 372 | J12: INR | K12: Ex-Mill + Freight | L12: No | M12: Cotton Yarn Price Trend | N12: Historical Price
A13: _ Aug | B13: Cotton Yarn | C13: Cotton | D13: KPR | E13: 40's | F13: Semi-Combed | G13: 100% Cotton | H13: ₹/kg | I13: 393 | J13: INR | K13: Ex-Mill + Freight | L13: No | M13: Cotton Yarn Price Trend | N13: Historical Price
... A331: 18th May 2026 | B331: Cotton Yarn | C331: Cotton | D331: KPR | E331: 40's | F331: Semi-Combed | G331: 100% Cotton | H331: ₹/kg | I331: 368 | J331: INR | K331: Ex-Mill + Freight | L331: Yes | M331: Cotton Yarn Price Trend | N331: Historical Price
A332: 29th May 2026 | B332: Cotton Yarn | C332: Cotton | D332: KPR | E332: 16's | F332: Semi-Combed | G332: 100% Cotton | H332: ₹/kg | I332: Awaited | J332: INR | K332: Ex-Mill + Freight | L332: Yes | M332: Cotton Yarn Price Trend | N332: Historical Price
A333: 10th Jun 2026 | B333: Cotton Yarn | C333: Cotton | D333: KPR | E333: 16's | F333: Semi-Combed | G333: 100% Cotton | H333: ₹/kg | I333: 319 | J333: INR | K333: Ex-Mill + Freight | L333: Yes | M333: Cotton Yarn Price Trend | N333: Historical Price
A334: 10th Jun 2026 | B334: Cotton Yarn | C334: Cotton | D334: KPR | E334: 20's | F334: Semi-Combed | G334: 100% Cotton | H334: ₹/kg | I334: 319 | J334: INR | K334: Ex-Mill + Freight | L334: Yes | M334: Cotton Yarn Price Trend | N334: Historical Price
A335: 10th Jun 2026 | B335: Cotton Yarn | C335: Cotton | D335: KPR | E335: 24's | F335: Semi-Combed | G335: 100% Cotton | H335: ₹/kg | I335: 328 | J335: INR | K335: Ex-Mill + Freight | L335: Yes | M335: Cotton Yarn Price Trend | N335: Historical Price
A336: 10th Jun 2026 | B336: Cotton Yarn | C336: Cotton | D336: KPR | E336: 30's | F336: Semi-Combed | G336: 100% Cotton | H336: ₹/kg | I336: 340 | J336: INR | K336: Ex-Mill + Freight | L336: Yes | M336: Cotton Yarn Price Trend | N336: Historical Price
A337: 10th Jun 2026 | B337: Cotton Yarn | C337: Cotton | D337: KPR | E337: 34's | F337: Semi-Combed | G337: 100% Cotton | H337: ₹/kg | I337: 347 | J337: INR | K337: Ex-Mill + Freight | L337: Yes | M337: Cotton Yarn Price Trend | N337: Historical Price
A338: 10th Jun 2026 | B338: Cotton Yarn | C338: Cotton | D338: KPR | E338: 40's | F338: Semi-Combed | G338: 100% Cotton | H338: ₹/kg | I338: 368 | J338: INR | K338: Ex-Mill + Freight | L338: Yes | M338: Cotton Yarn Price Trend | N338: Historical Price
A339: 24th Jun 2026 | B339: Cotton Yarn | C339: Cotton | D339: KPR | E339: 16's | F339: Semi-Combed | G339: 100% Cotton | H339: ₹/kg | I339: 304 | J339: INR | K339: Ex-Mill + Freight | L339: Yes | M339: Cotton Yarn Price Trend | N339: Historical Price
A340: 24th Jun 2026 | B340: Cotton Yarn | C340: Cotton | D340: KPR | E340: 20's | F340: Semi-Combed | G340: 100% Cotton | H340: ₹/kg | I340: 304 | J340: INR | K340: Ex-Mill + Freight | L340: Yes | M340: Cotton Yarn Price Trend | N340: Historical Price
A341: 24th Jun 2026 | B341: Cotton Yarn | C341: Cotton | D341: KPR | E341: 24's | F341: Semi-Combed | G341: 100% Cotton | H341: ₹/kg | I341: 313 | J341: INR | K341: Ex-Mill + Freight | L341: Yes | M341: Cotton Yarn Price Trend | N341: Historical Price
A342: 24th Jun 2026 | B342: Cotton Yarn | C342: Cotton | D342: KPR | E342: 30's | F342: Semi-Combed | G342: 100% Cotton | H342: ₹/kg | I342: 325 | J342: INR | K342: Ex-Mill + Freight | L342: Yes | M342: Cotton Yarn Price Trend | N342: Historical Price
A343: 24th Jun 2026 | B343: Cotton Yarn | C343: Cotton | D343: KPR | E343: 34's | F343: Semi-Combed | G343: 100% Cotton | H343: ₹/kg | I343: 332 | J343: INR | K343: Ex-Mill + Freight | L343: Yes | M343: Cotton Yarn Price Trend | N343: Historical Price
A344: 24th Jun 2026 | B344: Cotton Yarn | C344: Cotton | D344: KPR | E344: 40's | F344: Semi-Combed | G344: 100% Cotton | H344: ₹/kg | I344: 353 | J344: INR | K344: Ex-Mill + Freight | L344: Yes | M344: Cotton Yarn Price Trend | N344: Historical Price
A345: 44812 | B345: Viscose Yarn | C345: Viscose | D345: Pavathal,, NKCM, Jayamaaruthi | E345: 2/15's | F345: Standard | G345: 100% Viscose | H345: ₹/kg | I345: 225 | J345: INR | K345: Ex-Mill + Freight | L345: Yes | M345: Viscose Yarn Price Trend | N345: Historical Price
A346: 44812 | B346: Viscose Yarn | C346: Viscose | D346: Victory,KPN, KKP, Kumaragiri, VTS, Eveready | E346: 20's | F346: Standard | G346: 100% Viscose | H346: ₹/kg | I346: 205 | J346: INR | K346: Ex-Mill + Freight | L346: Yes | M346: Viscose Yarn Price Trend | N346: Historical Price
A347: 44812 | B347: Viscose Yarn | C347: Viscose | D347: KPN,Victory, Chola, SCM, Everready,VTS,Pallava,Mothi | E347: 30's | F347: Standard | G347: 100% Viscose | H347: ₹/kg | I347: 207-214 | J347: INR | K347: Ex-Mill + Freight | L347: Yes | M347: Viscose Yarn Price Trend | N347: Historical Price
A348: 44812 | B348: Viscose Yarn | C348: Viscose | D348: Mouli, Pallava, Eveready | E348: 34's | F348: Standard | G348: 100% Viscose | H348: ₹/kg | I348: 230 | J348: INR | K348: Ex-Mill + Freight | L348: Yes | M348: Viscose Yarn Price Trend | N348: Historical Price
A349: 44812 | B349: Viscose Yarn | C349: Viscose | D349: Pallava, Lucky, VTS | E349: 30's Liva Eco | F349: Liva Eco | G349: 100% Viscose | H349: ₹/kg | I349: 240 | J349: INR | K349: Ex-Mill + Freight | L349: Yes | M349: Viscose Yarn Price Trend | N349: Historical Price
A350: 44812 | B350: Viscose Yarn | C350: Viscose | D350: KPN,AGT,VTS,Everready, Pallava, Mothi | E350: 40's | F350: Standard | G350: 100% Viscose | H350: ₹/kg | I350: 244 | J350: INR | K350: Ex-Mill + Freight | L350: Yes | M350: Viscose Yarn Price Trend | N350: Historical Price
A351: 44812 | B351: Viscose Yarn | C351: Viscose | D351: VTS | E351: 2/30's TFO Doubled | F351: TFO Doubled | G351: 100% Viscose | H351: ₹/kg | I351: 230-235 | J351: INR | K351: Ex-Mill + Freight | L351: Yes | M351: Viscose Yarn Price Trend | N351: Historical Price
A352: 44812 | B352: Viscose Yarn | C352: Viscose | D352: Gimatex, NKCM, Dhanlakshmi | E352: 2/40's TFO Doubled | F352: TFO Doubled | G352: 100% Viscose | H352: ₹/kg | I352: 260-265 | J352: INR | K352: Ex-Mill + Freight | L352: Yes | M352: Viscose Yarn Price Trend | N352: Historical Price
A353: 44812 | B353: Viscose Yarn | C353: Viscose | D353: Eveready, KPN | E353: 2/40's Ring Doubled | F353: Ring Doubled | G353: 100% Viscose | H353: ₹/kg | I353: 260 | J353: INR | K353: Ex-Mill + Freight | L353: Yes | M353: Viscose Yarn Price Trend | N353: Historical Price
A354: 44812 | B354: Viscose Yarn | C354: Viscose | D354: VTS | E354: 60's Viscose | F354: Standard | G354: 100% Viscose | H354: ₹/kg | I354: 430 | J354: INR | K354: Ex-Mill + Freight | L354: Yes | M354: Viscose Yarn Price Trend | N354: Historical Price
A355: 44812 | B355: Blended Yarn | C355: Cotton/Viscose | D355: Pallava, SCM,kumaragiri | E355: 30's Cot / Vis 52/48 | F355: Standard | G355: 52% Cotton / 48% Viscose | H355: ₹/kg | I355: 320 | J355: INR | K355: Ex-Mill + Freight | L355: Yes | M355: Viscose Yarn Price Trend | N355: Historical Price
A356: 44812 | B356: Blended Yarn | C356: Cotton/Viscose | D356: Pallava, SCM,kumaragiri | E356: 40's Cot / Vis 52/48 | F356: Standard | G356: 52% Cotton / 48% Viscose | H356: ₹/kg | I356: 350 | J356: INR | K356: Ex-Mill + Freight | L356: Yes | M356: Viscose Yarn Price Trend | N356: Historical Price
A357: 44812 | B357: Viscose Yarn | C357: Modal | D357: Mouli, Eveready, VTS | E357: 40's Modal slub | F357: Slub | G357: 100% Modal | H357: ₹/kg | I357: 420 | J357: INR | K357: Ex-Mill + Freight | L357: Yes | M357: Viscose Yarn Price Trend | N357: Historical Price
A358: 44830 | B358: Viscose Yarn | C358: Viscose | D358: Pavathal,, NKCM, Jayamaaruthi | E358: 2/15's | F358: Standard | G358: 100% Viscose | H358: ₹/kg | I358: 215 | J358: INR | K358: Ex-Mill + Freight | L358: Yes | M358: Viscose Yarn Price Trend | N358: Historical Price
A359: 44830 | B359: Viscose Yarn | C359: Viscose | D359: Victory,KPN, KKP, Kumaragiri, VTS, Eveready | E359: 20's | F359: Standard | G359: 100% Viscose | H359: ₹/kg | I359: 198-200 | J359: INR | K359: Ex-Mill + Freight | L359: Yes | M359: Viscose Yarn Price Trend | N359: Historical Price
A360: 44830 | B360: Viscose Yarn | C360: Viscose | D360: KPN,Victory, Chola, SCM, Everready,VTS,Pallava,Mothi | E360: 30's | F360: Standard | G360: 100% Viscose | H360: ₹/kg | I360: 202-205 | J360: INR | K360: Ex-Mill + Freight | L360: Yes | M360: Viscose Yarn Price Trend | N360: Historical Price
A361: 44830 | B361: Viscose Yarn | C361: Viscose | D361: Mouli, Pallava, Eveready | E361: 34's | F361: Standard | G361: 100% Viscose | H361: ₹/kg | I361: 215 | J361: INR | K361: Ex-Mill + Freight | L361: Yes | M361: Viscose Yarn Price Trend | N361: Historical Price
A362: 44830 | B362: Viscose Yarn | C362: Viscose | D362: Pallava, Lucky, VTS | E362: 30's Liva Eco | F362: Liva Eco | G362: 100% Viscose | H362: ₹/kg | I362: 230 | J362: INR | K362: Ex-Mill + Freight | L362: Yes | M362: Viscose Yarn Price Trend | N362: Historical Price
A363: 44830 | B363: Viscose Yarn | C363: Viscose | D363: KPN,AGT,VTS,Everready, Pallava, Mothi | E363: 40's | F363: Standard | G363: 100% Viscose | H363: ₹/kg | I363: 238-241 | J363: INR | K363: Ex-Mill + Freight | L363: Yes | M363: Viscose Yarn Price Trend | N363: Historical Price
A364: 44830 | B364: Viscose Yarn | C364: Viscose | D364: VTS | E364: 2/30's TFO Doubled | F364: TFO Doubled | G364: 100% Viscose | H364: ₹/kg | I364: 225-230 | J364: INR | K364: Ex-Mill + Freight | L364: Yes | M364: Viscose Yarn Price Trend | N364: Historical Price
A365: 44830 | B365: Viscose Yarn | C365: Viscose | D365: Gimatex, NKCM, Dhanlakshmi | E365: 2/40's TFO Doubled | F365: TFO Doubled | G365: 100% Viscose | H365: ₹/kg | I365: 260-265 | J365: INR | K365: Ex-Mill + Freight | L365: Yes | M365: Viscose Yarn Price Trend | N365: Historical Price
A366: 44830 | B366: Viscose Yarn | C366: Viscose | D366: Eveready, KPN | E366: 2/40's Ring Doubled | F366: Ring Doubled | G366: 100% Viscose | H366: ₹/kg | I366: 255 | J366: INR | K366: Ex-Mill + Freight | L366: Yes | M366: Viscose Yarn Price Trend | N366: Historical Price
A367: 44830 | B367: Viscose Yarn | C367: Viscose | D367: VTS | E367: 60's Viscose | F367: Standard | G367: 100% Viscose | H367: ₹/kg | I367: 430 | J367: INR | K367: Ex-Mill + Freight | L367: Yes | M367: Viscose Yarn Price Trend | N367: Historical Price
A368: 44830 | B368: Blended Yarn | C368: Cotton/Viscose | D368: Pallava, SCM,kumaragiri | E368: 30's Cot / Vis 52/48 | F368: Standard | G368: 52% Cotton / 48% Viscose | H368: ₹/kg | I368: 315 | J368: INR | K368: Ex-Mill + Freight | L368: Yes | M368: Viscose Yarn Price Trend | N368: Historical Price
A369: 44830 | B369: Blended Yarn | C369: Cotton/Viscose | D369: Pallava, SCM,kumaragiri | E369: 40's Cot / Vis 52/48 | F369: Standard | G369: 52% Cotton / 48% Viscose | H369: ₹/kg | I369: 345 | J369: INR | K369: Ex-Mill + Freight | L369: Yes | M369: Viscose Yarn Price Trend | N369: Historical Price
A370: 44830 | B370: Viscose Yarn | C370: Modal | D370: Mouli, Eveready, VTS | E370: 40's Modal slub | F370: Slub | G370: 100% Modal | H370: ₹/kg | I370: 420 | J370: INR | K370: Ex-Mill + Freight | L370: Yes | M370: Viscose Yarn Price Trend | N370: Historical Price
A371: 44852 | B371: Viscose Yarn | C371: Viscose | D371: Pavathal,, NKCM, Jayamaaruthi | E371: 2/15's | F371: Standard | G371: 100% Viscose | H371: ₹/kg | I371: 200 | J371: INR | K371: Ex-Mill + Freight | L371: Yes | M371: Viscose Yarn Price Trend | N371: Historical Price
A372: 44852 | B372: Viscose Yarn | C372: Viscose | D372: Victory,KPN, KKP, Kumaragiri, VTS, Eveready | E372: 20's | F372: Standard | G372: 100% Viscose | H372: ₹/kg | I372: 190 | J372: INR | K372: Ex-Mill + Freight | L372: Yes | M372: Viscose Yarn Price Trend | N372: Historical Price
A373: 44852 | B373: Viscose Yarn | C373: Viscose | D373: KPN,Victory, Chola, SCM, Everready,VTS,Pallava,Mothi | E373: 30's | F373: Standard | G373: 100% Viscose | H373: ₹/kg | I373: 195-200 | J373: INR | K373: Ex-Mill + Freight | L373: Yes | M373: Viscose Yarn Price Trend | N373: Historical Price
A374: 44852 | B374: Viscose Yarn | C374: Viscose | D374: Mouli, Pallava, Eveready | E374: 34's | F374: Standard | G374: 100% Viscose | H374: ₹/kg | I374: 200 | J374: INR | K374: Ex-Mill + Freight | L374: Yes | M374: Viscose Yarn Price Trend | N374: Historical Price
A375: 44852 | B375: Viscose Yarn | C375: Viscose | D375: Pallava, Lucky, VTS | E375: 30's Liva Eco | F375: Liva Eco | G375: 100% Viscose | H375: ₹/kg | I375: 225 | J375: INR | K375: Ex-Mill + Freight | L375: Yes | M375: Viscose Yarn Price Trend | N375: Historical Price
A376: 44852 | B376: Viscose Yarn | C376: Viscose | D376: KPN,AGT,VTS,Everready, Pallava, Mothi | E376: 40's | F376: Standard | G376: 100% Viscose | H376: ₹/kg | I376: 230-235 | J376: INR | K376: Ex-Mill + Freight | L376: Yes | M376: Viscose Yarn Price Trend | N376: Historical Price
A377: 44852 | B377: Viscose Yarn | C377: Viscose | D377: VTS | E377: 2/30's TFO Doubled | F377: TFO Doubled | G377: 100% Viscose | H377: ₹/kg | I377: 215-220 | J377: INR | K377: Ex-Mill + Freight | L377: Yes | M377: Viscose Yarn Price Trend | N377: Historical Price
A378: 44852 | B378: Viscose Yarn | C378: Viscose | D378: Gimatex, NKCM, Dhanlakshmi | E378: 2/40's TFO Doubled | F378: TFO Doubled | G378: 100% Viscose | H378: ₹/kg | I378: 255-260 | J378: INR | K378: Ex-Mill + Freight | L378: Yes | M378: Viscose Yarn Price Trend | N378: Historical Price
A379: 44852 | B379: Viscose Yarn | C379: Viscose | D379: Eveready, KPN | E379: 2/40's Ring Doubled | F379: Ring Doubled | G379: 100% Viscose | H379: ₹/kg | I379: 250 | J379: INR | K379: Ex-Mill + Freight | L379: Yes | M379: Viscose Yarn Price Trend | N379: Historical Price
A380: 44852 | B380: Viscose Yarn | C380: Viscose | D380: VTS | E380: 60's Viscose | F380: Standard | G380: 100% Viscose | H380: ₹/kg | I380: 425 | J380: INR | K380: Ex-Mill + Freight | L380: Yes | M380: Viscose Yarn Price Trend | N380: Historical Price
A381: 44852 | B381: Blended Yarn | C381: Cotton/Viscose | D381: Pallava, SCM,kumaragiri | E381: 30's Cot / Vis 52/48 | F381: Standard | G381: 52% Cotton / 48% Viscose | H381: ₹/kg | I381: 280-290 | J381: INR | K381: Ex-Mill + Freight | L381: Yes | M381: Viscose Yarn Price Trend | N381: Historical Price
A382: 44852 | B382: Blended Yarn | C382: Cotton/Viscose | D382: Pallava, SCM,kumaragiri | E382: 40's Cot / Vis 52/48 | F382: Standard | G382: 52% Cotton / 48% Viscose | H382: ₹/kg | I382: 310 | J382: INR | K382: Ex-Mill + Freight | L382: Yes | M382: Viscose Yarn Price Trend | N382: Historical Price
A383: 44852 | B383: Viscose Yarn | C383: Modal | D383: Mouli, Eveready, VTS | E383: 40's Modal slub | F383: Slub | G383: 100% Modal | H383: ₹/kg | I383: 415 | J383: INR | K383: Ex-Mill + Freight | L383: Yes | M383: Viscose Yarn Price Trend | N383: Historical Price
A384: 44873 | B384: Viscose Yarn | C384: Viscose | D384: Pavathal,, NKCM, Jayamaaruthi | E384: 2/15's | F384: Standard | G384: 100% Viscose | H384: ₹/kg | I384: 200 | J384: INR | K384: Ex-Mill + Freight | L384: Yes | M384: Viscose Yarn Price Trend | N384: Historical Price
A385: 44873 | B385: Viscose Yarn | C385: Viscose | D385: Victory,KPN, KKP, Kumaragiri, VTS, Eveready | E385: 20's | F385: Standard | G385: 100% Viscose | H385: ₹/kg | I385: 190 | J385: INR | K385: Ex-Mill + Freight | L385: Yes | M385: Viscose Yarn Price Trend | N385: Historical Price
A386: 44873 | B386: Viscose Yarn | C386: Viscose | D386: KPN,Victory, Chola, SCM, Everready,VTS,Pallava,Mothi | E386: 30's | F386: Standard | G386: 100% Viscose | H386: ₹/kg | I386: 195-200 | J386: INR | K386: Ex-Mill + Freight | L386: Yes | M386: Viscose Yarn Price Trend | N386: Historical Price
A387: 44873 | B387: Viscose Yarn | C387: Viscose | D387: Mouli, Pallava, Eveready | E387: 34's | F387: Standard | G387: 100% Viscose | H387: ₹/kg | I387: 210 | J387: INR | K387: Ex-Mill + Freight | L387: Yes | M387: Viscose Yarn Price Trend | N387: Historical Price
A388: 44873 | B388: Viscose Yarn | C388: Viscose | D388: Pallava, Lucky, VTS | E388: 30's Liva Eco | F388: Liva Eco | G388: 100% Viscose | H388: ₹/kg | I388: 225 | J388: INR | K388: Ex-Mill + Freight | L388: Yes | M388: Viscose Yarn Price Trend | N388: Historical Price
A389: 44873 | B389: Viscose Yarn | C389: Viscose | D389: KPN,AGT,VTS,Everready, Pallava, Mothi | E389: 40's | F389: Standard | G389: 100% Viscose | H389: ₹/kg | I389: 225-230 | J389: INR | K389: Ex-Mill + Freight | L389: Yes | M389: Viscose Yarn Price Trend | N389: Historical Price
A390: 44873 | B390: Viscose Yarn | C390: Viscose | D390: VTS | E390: 2/30's TFO Doubled | F390: TFO Doubled | G390: 100% Viscose | H390: ₹/kg | I390: 215-220 | J390: INR | K390: Ex-Mill + Freight | L390: Yes | M390: Viscose Yarn Price Trend | N390: Historical Price
A391: 44873 | B391: Viscose Yarn | C391: Viscose | D391: Gimatex, NKCM, Dhanlakshmi | E391: 2/40's TFO Doubled | F391: TFO Doubled | G391: 100% Viscose | H391: ₹/kg | I391: 255-260 | J391: INR | K391: Ex-Mill + Freight | L391: Yes | M391: Viscose Yarn Price Trend | N391: Historical Price
A392: 44873 | B392: Viscose Yarn | C392: Viscose | D392: Eveready, KPN | E392: 2/40's Ring Doubled | F392: Ring Doubled | G392: 100% Viscose | H392: ₹/kg | I392: 250 | J392: INR | K392: Ex-Mill + Freight | L392: Yes | M392: Viscose Yarn Price Trend | N392: Historical Price
A393: 44873 | B393: Viscose Yarn | C393: Viscose | D393: VTS | E393: 60's Viscose | F393: Standard | G393: 100% Viscose | H393: ₹/kg | I393: 370 | J393: INR | K393: Ex-Mill + Freight | L393: Yes | M393: Viscose Yarn Price Trend | N393: Historical Price
A394: 44873 | B394: Blended Yarn | C394: Cotton/Viscose | D394: Pallava, SCM,kumaragiri | E394: 30's Cot / Vis 52/48 | F394: Standard | G394: 52% Cotton / 48% Viscose | H394: ₹/kg | I394: 275 | J394: INR | K394: Ex-Mill + Freight | L394: Yes | M394: Viscose Yarn Price Trend | N394: Historical Price
A395: 44873 | B395: Blended Yarn | C395: Cotton/Viscose | D395: Pallava, SCM,kumaragiri | E395: 40's Cot / Vis 52/48 | F395: Standard | G395: 52% Cotton / 48% Viscose | H395: ₹/kg | I395: 305 | J395: INR | K395: Ex-Mill + Freight | L395: Yes | M395: Viscose Yarn Price Trend | N395: Historical Price
A396: 44873 | B396: Viscose Yarn | C396: Modal | D396: Mouli, Eveready, VTS | E396: 40's Modal slub | F396: Slub | G396: 100% Modal | H396: ₹/kg | I396: 415 | J396: INR | K396: Ex-Mill + Freight | L396: Yes | M396: Viscose Yarn Price Trend | N396: Historical Price
A397: 44901 | B397: Viscose Yarn | C397: Viscose | D397: Pavathal,, NKCM, Jayamaaruthi | E397: 2/15's | F397: Standard | G397: 100% Viscose | H397: ₹/kg | I397: 185-190 | J397: INR | K397: Ex-Mill + Freight | L397: Yes | M397: Viscose Yarn Price Trend | N397: Historical Price
A398: 44901 | B398: Viscose Yarn | C398: Viscose | D398: Victory,KPN, KKP, Kumaragiri, VTS, Eveready | E398: 20's | F398: Standard | G398: 100% Viscose | H398: ₹/kg | I398: 175 | J398: INR | K398: Ex-Mill + Freight | L398: Yes | M398: Viscose Yarn Price Trend | N398: Historical Price
A399: 44901 | B399: Viscose Yarn | C399: Viscose | D399: KPN,Victory, Chola, SCM, Everready,VTS,Pallava,Mothi | E399: 30's | F399: Standard | G399: 100% Viscose | H399: ₹/kg | I399: 180-182 | J399: INR | K399: Ex-Mill + Freight | L399: Yes | M399: Viscose Yarn Price Trend | N399: Historical Price
A400: 44901 | B400: Viscose Yarn | C400: Viscose | D400: Mouli, Pallava, Eveready | E400: 34's | F400: Standard | G400: 100% Viscose | H400: ₹/kg | I400: 187 | J400: INR | K400: Ex-Mill + Freight | L400: Yes | M400: Viscose Yarn Price Trend | N400: Historical Price
A401: 44901 | B401: Viscose Yarn | C401: Viscose | D401: Pallava, Lucky, VTS | E401: 30's Liva Eco | F401: Liva Eco | G401: 100% Viscose | H401: ₹/kg | I401: 215-220 | J401: INR | K401: Ex-Mill + Freight | L401: Yes | M401: Viscose Yarn Price Trend | N401: Historical Price
A402: 44901 | B402: Viscose Yarn | C402: Viscose | D402: KPN,AGT,VTS,Everready, Pallava, Mothi | E402: 40's | F402: Standard | G402: 100% Viscose | H402: ₹/kg | I402: 210-215 | J402: INR | K402: Ex-Mill + Freight | L402: Yes | M402: Viscose Yarn Price Trend | N402: Historical Price
A403: 44901 | B403: Viscose Yarn | C403: Viscose | D403: VTS | E403: 2/30's TFO Doubled | F403: TFO Doubled | G403: 100% Viscose | H403: ₹/kg | I403: 200 | J403: INR | K403: Ex-Mill + Freight | L403: Yes | M403: Viscose Yarn Price Trend | N403: Historical Price
A404: 44901 | B404: Viscose Yarn | C404: Viscose | D404: Gimatex, NKCM, Dhanlakshmi | E404: 2/40's TFO Doubled | F404: TFO Doubled | G404: 100% Viscose | H404: ₹/kg | I404: 240 | J404: INR | K404: Ex-Mill + Freight | L404: Yes | M404: Viscose Yarn Price Trend | N404: Historical Price
A405: 44901 | B405: Viscose Yarn | C405: Viscose | D405: Eveready, KPN | E405: 2/40's Ring Doubled | F405: Ring Doubled | G405: 100% Viscose | H405: ₹/kg | I405: 235 | J405: INR | K405: Ex-Mill + Freight | L405: Yes | M405: Viscose Yarn Price Trend | N405: Historical Price
A406: 44901 | B406: Viscose Yarn | C406: Viscose | D406: VTS | E406: 60's Viscose | F406: Standard | G406: 100% Viscose | H406: ₹/kg | I406: 365 | J406: INR | K406: Ex-Mill + Freight | L406: Yes | M406: Viscose Yarn Price Trend | N406: Historical Price
A407: 44901 | B407: Blended Yarn | C407: Cotton/Viscose | D407: Pallava, SCM,kumaragiri | E407: 30's Cot / Vis 52/48 | F407: Standard | G407: 52% Cotton / 48% Viscose | H407: ₹/kg | I407: 270 | J407: INR | K407: Ex-Mill + Freight | L407: Yes | M407: Viscose Yarn Price Trend | N407: Historical Price
A408: 44901 | B408: Blended Yarn | C408: Cotton/Viscose | D408: Pallava, SCM,kumaragiri | E408: 40's Cot / Vis 52/48 | F408: Standard | G408: 52% Cotton / 48% Viscose | H408: ₹/kg | I408: 300 | J408: INR | K408: Ex-Mill + Freight | L408: Yes | M408: Viscose Yarn Price Trend | N408: Historical Price
A409: 44901 | B409: Viscose Yarn | C409: Modal | D409: Mouli, Eveready, VTS | E409: 40's Modal slub | F409: Slub | G409: 100% Modal | H409: ₹/kg | I409: 400 | J409: INR | K409: Ex-Mill + Freight | L409: Yes | M409: Viscose Yarn Price Trend | N409: Historical Price
A410: 44933 | B410: Viscose Yarn | C410: Viscose | D410: Victory,KPN, KKP, Kumaragiri, VTS, Eveready | E410: 20's | F410: Standard | G410: 100% Viscose | H410: ₹/kg | I410: 190 | J410: INR | K410: Ex-Mill + Freight | L410: Yes | M410: Viscose Yarn Price Trend | N410: Historical Price
A411: 44933 | B411: Viscose Yarn | C411: Viscose | D411: KPN,Victory, Chola, SCM, Everready,VTS,Pallava,Mothi | E411: 30's | F411: Standard | G411: 100% Viscose | H411: ₹/kg | I411: 192-195 | J411: INR | K411: Ex-Mill + Freight | L411: Yes | M411: Viscose Yarn Price Trend | N411: Historical Price
A412: 44933 | B412: Viscose Yarn | C412: Viscose | D412: Mouli, Pallava, Eveready | E412: 34's | F412: Standard | G412: 100% Viscose | H412: ₹/kg | I412: 205 | J412: INR | K412: Ex-Mill + Freight | L412: Yes | M412: Viscose Yarn Price Trend | N412: Historical Price
A413: 44933 | B413: Viscose Yarn | C413: Viscose | D413: Pallava, Lucky, VTS | E413: 30's Liva Eco | F413: Liva Eco | G413: 100% Viscose | H413: ₹/kg | I413: 230-235 | J413: INR | K413: Ex-Mill + Freight | L413: Yes | M413: Viscose Yarn Price Trend | N413: Historical Price
A414: 44933 | B414: Viscose Yarn | C414: Viscose | D414: Vardhman, Pallava, VTS | E414: 30's Reviva | F414: Reviva | G414: 100% Viscose | H414: ₹/kg | I414: 280 | J414: INR | K414: Ex-Mill + Freight | L414: Yes | M414: Viscose Yarn Price Trend | N414: Historical Price
A415: 44933 | B415: Viscose Yarn | C415: Viscose | D415: KPN,AGT,VTS,Everready, Pallava, Mothi | E415: 40's | F415: Standard | G415: 100% Viscose | H415: ₹/kg | I415: 230-235 | J415: INR | K415: Ex-Mill + Freight | L415: Yes | M415: Viscose Yarn Price Trend | N415: Historical Price
A416: 44933 | B416: Viscose Yarn | C416: Viscose | D416: VTS | E416: 2/30's TFO Doubled | F416: TFO Doubled | G416: 100% Viscose | H416: ₹/kg | I416: 230 | J416: INR | K416: Ex-Mill + Freight | L416: Yes | M416: Viscose Yarn Price Trend | N416: Historical Price
A417: 44933 | B417: Viscose Yarn | C417: Viscose | D417: Gimatex, NKCM, Dhanlakshmi | E417: 2/40's TFO Doubled | F417: TFO Doubled | G417: 100% Viscose | H417: ₹/kg | I417: 255 | J417: INR | K417: Ex-Mill + Freight | L417: Yes | M417: Viscose Yarn Price Trend | N417: Historical Price
...

Sheet Sheet1
A1: Date | B1: Yarn Category | C1: Material | D1: Supplier/Mill | E1: Count | F1: Variant | G1: Blend/Content | H1: Unit | I1: Price | J1: Currency | K1: Price Basis | L1: GST Included | M1: Source | N1: Remarks
A2: _ July | B2: Cotton Yarn | C2: Cotton | D2: KPR | E2: 16's | F2: Semi-Combed | G2: 100% Cotton | H2: ₹/kg | I2: 364 | J2: INR | K2: Ex-Mill + Freight | L2: No | M2: Cotton Yarn Price Trend | N2: Historical Price
A3: _ July | B3: Cotton Yarn | C3: Cotton | D3: KPR | E3: 20's | F3: Semi-Combed | G3: 100% Cotton | H3: ₹/kg | I3: 367 | J3: INR | K3: Ex-Mill + Freight | L3: No | M3: Cotton Yarn Price Trend | N3: Historical Price
A4: _ July | B4: Cotton Yarn | C4: Cotton | D4: KPR | E4: 24's | F4: Semi-Combed | G4: 100% Cotton | H4: ₹/kg | I4: 376 | J4: INR | K4: Ex-Mill + Freight | L4: No | M4: Cotton Yarn Price Trend | N4: Historical Price
A5: _ July | B5: Cotton Yarn | C5: Cotton | D5: KPR | E5: 30's | F5: Semi-Combed | G5: 100% Cotton | H5: ₹/kg | I5: 388 | J5: INR | K5: Ex-Mill + Freight | L5: No | M5: Cotton Yarn Price Trend | N5: Historical Price
A6: _ July | B6: Cotton Yarn | C6: Cotton | D6: KPR | E6: 34's | F6: Semi-Combed | G6: 100% Cotton | H6: ₹/kg | I6: 402 | J6: INR | K6: Ex-Mill + Freight | L6: No | M6: Cotton Yarn Price Trend | N6: Historical Price
A7: _ July | B7: Cotton Yarn | C7: Cotton | D7: KPR | E7: 40's | F7: Semi-Combed | G7: 100% Cotton | H7: ₹/kg | I7: 423 | J7: INR | K7: Ex-Mill + Freight | L7: No | M7: Cotton Yarn Price Trend | N7: Historical Price
A8: _ Aug | B8: Cotton Yarn | C8: Cotton | D8: KPR | E8: 16's | F8: Semi-Combed | G8: 100% Cotton | H8: ₹/kg | I8: 334 | J8: INR | K8: Ex-Mill + Freight | L8: No | M8: Cotton Yarn Price Trend | N8: Historical Price
A9: _ Aug | B9: Cotton Yarn | C9: Cotton | D9: KPR | E9: 20's | F9: Semi-Combed | G9: 100% Cotton | H9: ₹/kg | I9: 337 | J9: INR | K9: Ex-Mill + Freight | L9: No | M9: Cotton Yarn Price Trend | N9: Historical Price
A10: _ Aug | B10: Cotton Yarn | C10: Cotton | D10: KPR | E10: 24's | F10: Semi-Combed | G10: 100% Cotton | H10: ₹/kg | I10: 346 | J10: INR | K10: Ex-Mill + Freight | L10: No | M10: Cotton Yarn Price Trend | N10: Historical Price
A11: _ Aug | B11: Cotton Yarn | C11: Cotton | D11: KPR | E11: 30's | F11: Semi-Combed | G11: 100% Cotton | H11: ₹/kg | I11: 358 | J11: INR | K11: Ex-Mill + Freight | L11: No | M11: Cotton Yarn Price Trend | N11: Historical Price
A12: _ Aug | B12: Cotton Yarn | C12: Cotton | D12: KPR | E12: 34's | F12: Semi-Combed | G12: 100% Cotton | H12: ₹/kg | I12: 372 | J12: INR | K12: Ex-Mill + Freight | L12: No | M12: Cotton Yarn Price Trend | N12: Historical Price
A13: _ Aug | B13: Cotton Yarn | C13: Cotton | D13: KPR | E13: 40's | F13: Semi-Combed | G13: 100% Cotton | H13: ₹/kg | I13: 393 | J13: INR | K13: Ex-Mill + Freight | L13: No | M13: Cotton Yarn Price Trend | N13: Historical Price
... A331: 18th May 2026 | B331: Cotton Yarn | C331: Cotton | D331: KPR | E331: 40's | F331: Semi-Combed | G331: 100% Cotton | H331: ₹/kg | I331: 368 | J331: INR | K331: Ex-Mill + Freight | L331: Yes | M331: Cotton Yarn Price Trend | N331: Historical Price
A332: 29th May 2026 | B332: Cotton Yarn | C332: Cotton | D332: KPR | E332: 16's | F332: Semi-Combed | G332: 100% Cotton | H332: ₹/kg | I332: Awaited | J332: INR | K332: Ex-Mill + Freight | L332: Yes | M332: Cotton Yarn Price Trend | N332: Historical Price
A333: 10th Jun 2026 | B333: Cotton Yarn | C333: Cotton | D333: KPR | E333: 16's | F333: Semi-Combed | G333: 100% Cotton | H333: ₹/kg | I333: 319 | J333: INR | K333: Ex-Mill + Freight | L333: Yes | M333: Cotton Yarn Price Trend | N333: Historical Price
A334: 10th Jun 2026 | B334: Cotton Yarn | C334: Cotton | D334: KPR | E334: 20's | F334: Semi-Combed | G334: 100% Cotton | H334: ₹/kg | I334: 319 | J334: INR | K334: Ex-Mill + Freight | L334: Yes | M334: Cotton Yarn Price Trend | N334: Historical Price
A335: 10th Jun 2026 | B335: Cotton Yarn | C335: Cotton | D335: KPR | E335: 24's | F335: Semi-Combed | G335: 100% Cotton | H335: ₹/kg | I335: 328 | J335: INR | K335: Ex-Mill + Freight | L335: Yes | M335: Cotton Yarn Price Trend | N335: Historical Price
A336: 10th Jun 2026 | B336: Cotton Yarn | C336: Cotton | D336: KPR | E336: 30's | F336: Semi-Combed | G336: 100% Cotton | H336: ₹/kg | I336: 340 | J336: INR | K336: Ex-Mill + Freight | L336: Yes | M336: Cotton Yarn Price Trend | N336: Historical Price
A337: 10th Jun 2026 | B337: Cotton Yarn | C337: Cotton | D337: KPR | E337: 34's | F337: Semi-Combed | G337: 100% Cotton | H337: ₹/kg | I337: 347 | J337: INR | K337: Ex-Mill + Freight | L337: Yes | M337: Cotton Yarn Price Trend | N337: Historical Price
A338: 10th Jun 2026 | B338: Cotton Yarn | C338: Cotton | D338: KPR | E338: 40's | F338: Semi-Combed | G338: 100% Cotton | H338: ₹/kg | I338: 368 | J338: INR | K338: Ex-Mill + Freight | L338: Yes | M338: Cotton Yarn Price Trend | N338: Historical Price
A339: 24th Jun 2026 | B339: Cotton Yarn | C339: Cotton | D339: KPR | E339: 16's | F339: Semi-Combed | G339: 100% Cotton | H339: ₹/kg | I339: 304 | J339: INR | K339: Ex-Mill + Freight | L339: Yes | M339: Cotton Yarn Price Trend | N339: Historical Price
A340: 24th Jun 2026 | B340: Cotton Yarn | C340: Cotton | D340: KPR | E340: 20's | F340: Semi-Combed | G340: 100% Cotton | H340: ₹/kg | I340: 304 | J340: INR | K340: Ex-Mill + Freight | L340: Yes | M340: Cotton Yarn Price Trend | N340: Historical Price
A341: 24th Jun 2026 | B341: Cotton Yarn | C341: Cotton | D341: KPR | E341: 24's | F341: Semi-Combed | G341: 100% Cotton | H341: ₹/kg | I341: 313 | J341: INR | K341: Ex-Mill + Freight | L341: Yes | M341: Cotton Yarn Price Trend | N341: Historical Price
A342: 24th Jun 2026 | B342: Cotton Yarn | C342: Cotton | D342: KPR | E342: 30's | F342: Semi-Combed | G342: 100% Cotton | H342: ₹/kg | I342: 325 | J342: INR | K342: Ex-Mill + Freight | L342: Yes | M342: Cotton Yarn Price Trend | N342: Historical Price
A343: 24th Jun 2026 | B343: Cotton Yarn | C343: Cotton | D343: KPR | E343: 34's | F343: Semi-Combed | G343: 100% Cotton | H343: ₹/kg | I343: 332 | J343: INR | K343: Ex-Mill + Freight | L343: Yes | M343: Cotton Yarn Price Trend | N343: Historical Price
A344: 24th Jun 2026 | B344: Cotton Yarn | C344: Cotton | D344: KPR | E344: 40's | F344: Semi-Combed | G344: 100% Cotton | H344: ₹/kg | I344: 353 | J344: INR | K344: Ex-Mill + Freight | L344: Yes | M344: Cotton Yarn Price Trend | N344: Historical Price
A345: 44812 | B345: Viscose Yarn | C345: Viscose | D345: Pavathal,, NKCM, Jayamaaruthi | E345: 2/15's | F345: Standard | G345: 100% Viscose | H345: ₹/kg | I345: 225 | J345: INR | K345: Ex-Mill + Freight | L345: Yes | M345: Viscose Yarn Price Trend | N345: Historical Price
A346: 44812 | B346: Viscose Yarn | C346: Viscose | D346: Victory,KPN, KKP, Kumaragiri, VTS, Eveready | E346: 20's | F346: Standard | G346: 100% Viscose | H346: ₹/kg | I346: 205 | J346: INR | K346: Ex-Mill + Freight | L346: Yes | M346: Viscose Yarn Price Trend | N346: Historical Price
A347: 44812 | B347: Viscose Yarn | C347: Viscose | D347: KPN,Victory, Chola, SCM, Everready,VTS,Pallava,Mothi | E347: 30's | F347: Standard | G347: 100% Viscose | H347: ₹/kg | I347: 207-214 | J347: INR | K347: Ex-Mill + Freight | L347: Yes | M347: Viscose Yarn Price Trend | N347: Historical Price
A348: 44812 | B348: Viscose Yarn | C348: Viscose | D348: Mouli, Pallava, Eveready | E348: 34's | F348: Standard | G348: 100% Viscose | H348: ₹/kg | I348: 230 | J348: INR | K348: Ex-Mill + Freight | L348: Yes | M348: Viscose Yarn Price Trend | N348: Historical Price
A349: 44812 | B349: Viscose Yarn | C349: Viscose | D349: Pallava, Lucky, VTS | E349: 30's Liva Eco | F349: Liva Eco | G349: 100% Viscose | H349: ₹/kg | I349: 240 | J349: INR | K349: Ex-Mill + Freight | L349: Yes | M349: Viscose Yarn Price Trend | N349: Historical Price
A350: 44812 | B350: Viscose Yarn | C350: Viscose | D350: KPN,AGT,VTS,Everready, Pallava, Mothi | E350: 40's | F350: Standard | G350: 100% Viscose | H350: ₹/kg | I350: 244 | J350: INR | K350: Ex-Mill + Freight | L350: Yes | M350: Viscose Yarn Price Trend | N350: Historical Price
